0	0.804862	0.101927	0.911461	0.115414	GET-6903A_RU
0	0.117608	0.114735	0.162189	0.128222	ƴǓǍǖǏ
0	0.165897	0.114735	0.175117	0.128222	Ǎ
0	0.178831	0.114735	0.263481	0.128222	ǘǖǗǕǅǒǊǒǍǊ
0	0.267216	0.114735	0.386553	0.128222	ǒǊǍǖǔǕǅǇǒǓǖǗǊǎ
0	0.390273	0.114735	0.440297	0.128222	ǝǏǅǙǅ
0	0.444009	0.114735	0.530164	0.128222	ǘǔǕǅǇǐǊǒǍǤ
0	0.533901	0.114735	0.550374	0.128222	ǖǓ
0	0.554083	0.114735	0.636315	0.128222	ǖǉǇǓǊǒǒǠǑ
0	0.639500	0.114735	0.672124	0.128222	IGBT
0	0.676366	0.114735	0.763641	0.128222	ǍǒǇǊǕǗǊǕǓǑ
0	0.766856	0.114735	0.829087	0.128222	17KG535
0	0.833301	0.114735	0.842521	0.128222	Ǎ
0	0.846235	0.114735	0.908466	0.128222	17KG537
0	0.117608	0.140016	0.162955	0.156201	4.3.9.
0	0.167493	0.140016	0.231874	0.156201	ƩǅǗǜǍǏ
0	0.236431	0.140016	0.354510	0.156201	ǗǊǑǔǊǕǅǗǘǕǠ
0	0.359092	0.140016	0.485129	0.156201	ǓǏǕǘǋǅǣǞǊǈǓ
0	0.489674	0.140016	0.561482	0.156201	ǇǓǌǉǘǚǅ
0	0.566076	0.140016	0.634458	0.156201	(AMBTS)
0	0.117608	0.170020	0.166946	0.183507	ƩǅǗǜǍǏ
0	0.172279	0.170020	0.265925	0.183507	ǗǊǑǔǊǕǅǗǘǕǠ
0	0.271250	0.170020	0.370563	0.183507	ǓǏǕǘǋǅǣǞǊǈǓ
0	0.375904	0.170020	0.433588	0.183507	ǇǓǌǉǘǚǅ
0	0.438954	0.170020	0.493096	0.183507	(AMBTS)
0	0.498429	0.170020	0.556417	0.183507	ǔǓǏǅǌǅǒ
0	0.561758	0.170020	0.579254	0.183507	ǒǅ
0	0.584594	0.170020	0.609866	0.183507	ƵǍǖ
0	0.615209	0.170020	0.632527	0.183507	43
0	0.637867	0.170020	0.646622	0.183507	Ǎ
0	0.651959	0.170020	0.699966	0.183507	ǍǈǕǅǊǗ
0	0.705323	0.170020	0.760656	0.183507	Ǉǅǋǒǘǣ
0	0.765989	0.170020	0.798854	0.183507	ǕǓǐǡ
0	0.804196	0.170020	0.812314	0.183507	Ǉ
0	0.817657	0.170020	0.911482	0.183507	ǓǔǕǊǉǊǐǊǒǍǍ
0	0.117611	0.183877	0.264899	0.197364	ǔǕǓǍǌǇǓǉǍǗǊǐǡǒǓǖǗǍ
0	0.268378	0.183877	0.328515	0.197364	ǖǍǖǗǊǑǠ
0	0.331968	0.183877	0.393033	0.197364	ǔǕǍǇǓǉǅ
0	0.396522	0.183877	0.405277	0.197364	Ǎ
0	0.408756	0.183877	0.491815	0.197364	ǗǊǑǔǊǕǅǗǘǕ
0	0.495264	0.183877	0.590755	0.197364	ǏǓǑǔǓǒǊǒǗǓǇ.
0	0.594234	0.183877	0.687520	0.197364	ƷǊǑǔǊǕǅǗǘǕǅ
0	0.690982	0.183877	0.790295	0.197364	ǓǏǕǘǋǅǣǞǊǈǓ
0	0.793774	0.183877	0.854702	0.197364	ǇǓǌǉǘǚǅ,
0	0.858165	0.183877	0.867067	0.197364	ǅ
0	0.870546	0.183877	0.911464	0.197364	ǗǅǏǋǊ
0	0.117609	0.197733	0.243891	0.211220	ǆǅǕǓǑǊǗǕǍǜǊǖǏǓǊ
0	0.248022	0.197733	0.318750	0.211220	ǉǅǇǐǊǒǍǊ,
0	0.322883	0.197733	0.417543	0.211220	ǍǖǔǓǐǡǌǘǊǗǖǤ
0	0.421674	0.197733	0.445829	0.211220	ǉǐǤ
0	0.449963	0.197733	0.507258	0.211220	ǕǅǖǜǊǗǅ
0	0.511381	0.197733	0.594440	0.211220	ǗǊǑǔǊǕǅǗǘǕ
0	0.598556	0.197733	0.667194	0.211220	ǏǐǣǜǊǇǠǚ
0	0.671326	0.197733	0.763583	0.211220	ǏǓǑǔǓǒǊǒǗǓǇ
0	0.767731	0.197733	0.775849	0.211220	Ǉ
0	0.779981	0.197733	0.847209	0.211220	ǔǕǊǉǊǐǅǚ
0	0.851330	0.197733	0.911467	0.211220	ǖǍǖǗǊǑǠ
0	0.117604	0.211590	0.181913	0.225076	ǔǕǍǇǓǉǅ.
0	0.185600	0.211590	0.232806	0.225076	AMBTS
0	0.236517	0.211590	0.322974	0.225076	ǕǅǖǔǓǐǓǋǊǒ
0	0.326653	0.211590	0.334771	0.225076	Ǉ
0	0.338462	0.211590	0.399723	0.225076	ǇǚǓǉǒǓǑ
0	0.403441	0.211590	0.452624	0.225076	ǏǅǒǅǐǊ
0	0.456316	0.211590	0.541761	0.225076	ǓǚǐǅǋǉǊǒǍǤ
0	0.545453	0.211590	0.593100	0.225076	ǝǏǅǙǅ
0	0.596808	0.211590	0.683298	0.225076	ǘǔǕǅǇǐǊǒǍǤ.
0	0.686993	0.211590	0.734199	0.225076	AMBTS
0	0.737891	0.211590	0.827894	0.225076	ǑǓǒǗǍǕǘǊǗǖǤ
0	0.831582	0.211590	0.849078	0.225076	ǒǅ
0	0.852768	0.211590	0.911467	0.225076	ǇǊǕǚǒǊǎ
0	0.117602	0.225446	0.177396	0.238933	ǖǕǊǉǒǊǎ
0	0.183381	0.225446	0.234010	0.238933	ǔǅǒǊǐǍ
0	0.240013	0.225446	0.297576	0.238933	ǉǓǖǗǘǔǅ
0	0.303572	0.225446	0.321068	0.238933	ǒǅ
0	0.327076	0.225446	0.368500	0.238933	ǐǊǇǓǎ
0	0.374496	0.225446	0.432157	0.238933	ǖǗǓǕǓǒǊ
0	0.438152	0.225446	0.488976	0.238933	ǌǅǉǒǊǎ
0	0.494981	0.225446	0.534909	0.238933	ǜǅǖǗǍ
0	0.540897	0.225446	0.588545	0.238933	ǝǏǅǙǅ
0	0.594539	0.225446	0.681030	0.238933	ǘǔǕǅǇǐǊǒǍǤ.
0	0.687042	0.225446	0.722275	0.238933	ƧǇǓǉ
0	0.728270	0.225446	0.785800	0.238933	ǏǅǆǊǐǊǎ
0	0.791811	0.225446	0.849504	0.238933	ǔǍǗǅǒǍǤ
0	0.855499	0.225446	0.911451	0.238933	ǗǤǈǓǇǠǚ
0	0.117606	0.239302	0.198396	0.252789	ǉǇǍǈǅǗǊǐǊǎ
0	0.202184	0.239302	0.315170	0.252789	ǓǖǘǞǊǖǗǇǐǤǊǗǖǤ
0	0.318959	0.239302	0.327077	0.252789	Ǉ
0	0.330865	0.239302	0.383511	0.252789	ǉǅǒǒǓǎ
0	0.387299	0.239302	0.427227	0.252789	ǜǅǖǗǍ
0	0.431010	0.239302	0.478658	0.252789	ǝǏǅǙǅ
0	0.482446	0.239302	0.568937	0.252789	ǘǔǕǅǇǐǊǒǍǤ.
0	0.117601	0.267015	0.143004	0.280502	ƩǐǤ
0	0.146791	0.267015	0.272370	0.280502	ǔǕǊǉǇǅǕǍǗǊǐǡǒǓǎ
0	0.276160	0.267015	0.343523	0.280502	ǔǕǓǇǊǕǏǍ
0	0.347311	0.267015	0.387239	0.280502	ǜǅǖǗǍ
0	0.391020	0.267015	0.448011	0.280502	ǉǅǗǜǍǏǅ
0	0.451802	0.267015	0.502251	0.280502	AMBTS:
0	0.299746	0.292897	0.309383	0.306384	Ƨ
0	0.312911	0.292897	0.369527	0.306384	ǉǅǒǒǓǑ
0	0.373040	0.292897	0.480390	0.306384	ǓǆǓǕǘǉǓǇǅǒǍǍ
0	0.483902	0.292897	0.605955	0.306384	ǔǕǍǖǘǗǖǗǇǘǣǗ
0	0.609465	0.292897	0.673872	0.306384	ǓǔǅǖǒǠǊ
0	0.677384	0.292897	0.772794	0.306384	ǒǅǔǕǤǋǊǒǍǤ.
0	0.776307	0.292897	0.859188	0.306384	ƸǆǊǉǍǗǡǖǤ
0	0.862717	0.292897	0.871325	0.306384	Ǉ
0	0.874837	0.292897	0.912261	0.306384	ǗǓǑ,
0	0.160613	0.304920	0.286947	0.322284	ɉɊȿȾɍɉɊȿɀȾȿɇɂȿ
0	0.301655	0.307566	0.332893	0.321053	ǜǗǓ
0	0.336668	0.307566	0.442107	0.321053	ǇǠǏǐǣǜǅǗǊǐǡ
0	0.445866	0.307566	0.514095	0.321053	ǔǍǗǅǒǍǤ
0	0.517878	0.307566	0.605839	0.321053	ǘǔǕǅǇǐǊǒǍǤ
0	0.612053	0.307566	0.646012	0.321053	(CPS)
0	0.647374	0.307566	0.730827	0.321053	ǒǅǚǓǉǍǗǖǤ
0	0.734613	0.307566	0.743222	0.321053	Ǉ
0	0.747006	0.307566	0.829316	0.321053	ǔǓǐǓǋǊǒǍǍ
0	0.833104	0.307566	0.879410	0.321053	ƳƷƯư.,
0	0.883200	0.307566	0.892331	0.321053	Ǎ
0	0.299749	0.320610	0.405188	0.334097	ǇǠǏǐǣǜǅǗǊǐǡ
0	0.413171	0.320610	0.510588	0.334097	ǏǓǒǗǅǏǗǓǕǅ
0	0.518567	0.320610	0.554368	0.334097	ǛǊǔǍ
0	0.562389	0.320610	0.660184	0.334097	ǇǓǌǆǘǋǉǊǒǍǤ
0	0.668194	0.320610	0.760337	0.334097	ǈǊǒǊǕǅǗǓǕǅ
0	0.768352	0.320610	0.815110	0.334097	(GFCO)
0	0.823110	0.320610	0.906563	0.334097	ǒǅǚǓǉǍǗǖǤ
0	0.914572	0.320610	0.923180	0.334097	Ǉ
0	0.118384	0.334467	0.200694	0.347954	ǔǓǐǓǋǊǒǍǍ
0	0.206398	0.334467	0.245017	0.347954	ƳƷƯư
0	0.250713	0.334467	0.294091	0.347954	ǔǊǕǊǉ
0	0.299813	0.334467	0.364573	0.347954	ǒǅǜǅǐǓǑ
0	0.370259	0.334467	0.453074	0.347954	ǏǅǏǍǚ-ǐǍǆǓ
0	0.458775	0.334467	0.508611	0.347954	ǕǅǆǓǗ
0	0.514314	0.334467	0.532755	0.347954	ǒǅ
0	0.538461	0.334467	0.641287	0.347954	ǏǓǑǔǓǒǊǒǗǅǚ
0	0.646966	0.334467	0.768756	0.347954	ǢǐǊǏǗǕǍǜǊǖǏǓǈǓ
0	0.774457	0.334467	0.825623	0.347954	ǝǏǅǙǅ
0	0.831318	0.334467	0.923185	0.347954	ǘǔǕǅǇǐǊǒǍǤ.
0	0.118391	0.348324	0.201272	0.361811	ƸǆǊǉǍǗǡǖǤ
0	0.206154	0.348324	0.214763	0.361811	Ǉ
0	0.219648	0.348324	0.257062	0.361811	ǗǓǑ,
0	0.261951	0.348324	0.293189	0.361811	ǜǗǓ
0	0.298063	0.348324	0.412405	0.361811	ǍǒǉǍǏǅǗǓǕǒǠǊ
0	0.417292	0.348324	0.467233	0.361811	ǐǅǑǔǠ
0	0.472107	0.348324	0.532832	0.361811	ǌǅǕǤǉǏǍ
0	0.537706	0.348324	0.647882	0.361811	ǏǓǒǉǊǒǖǅǗǓǕǅ
0	0.652770	0.348324	0.687513	0.361811	(CCL)
0	0.692392	0.348324	0.709641	0.361811	ǒǊ
0	0.714532	0.348324	0.766377	0.361811	ǈǓǕǤǗ.
0	0.771263	0.348324	0.881457	0.361811	ƭǖǔǓǐǡǌǓǇǅǗǡ
0	0.886307	0.348324	0.923195	0.361811	VOM,
0	0.118391	0.362180	0.170406	0.375667	ǜǗǓǆǠ
0	0.175334	0.362180	0.256811	0.375667	ǘǆǊǉǍǗǡǖǤ
0	0.261747	0.362180	0.270355	0.375667	Ǉ
0	0.275293	0.362180	0.376337	0.375667	ǓǗǖǘǗǖǗǇǍǍ
0	0.381248	0.362180	0.472721	0.375667	ǒǅǔǕǤǋǊǒǍǤ
0	0.477664	0.362180	0.521042	0.375667	ǔǊǕǊǉ
0	0.526001	0.362180	0.650029	0.375667	ǔǕǍǏǓǖǒǓǇǊǒǍǊǑ
0	0.664847	0.362180	0.672492	0.375667	Ǐ
0	0.677430	0.362180	0.747836	0.375667	ǏǐǊǑǑǅǑ.
0	0.752782	0.362180	0.861895	0.375667	ƲǊǖǓǆǐǣǉǊǒǍǊ
0	0.866864	0.362180	0.923185	0.375667	ǉǅǒǒǠǚ
0	0.118394	0.376036	0.146522	0.389523	ǑǊǕ
0	0.150312	0.376036	0.287498	0.389523	ǔǕǊǉǓǖǗǊǕǊǋǊǒǍǤ
0	0.291327	0.376036	0.344185	0.389523	ǑǓǋǊǗ
0	0.347975	0.376036	0.422771	0.389523	ǔǕǍǇǊǖǗǍ
0	0.426558	0.376036	0.434203	0.389523	Ǐ
0	0.437993	0.376036	0.519110	0.389523	ǖǊǕǡǊǌǒǠǑ
0	0.522898	0.376036	0.594795	0.389523	ǗǕǅǇǑǅǑ
0	0.598552	0.376036	0.625406	0.389523	ǍǐǍ
0	0.629196	0.376036	0.692002	0.389523	ǖǑǊǕǗǍ.
0	0.117567	0.405579	0.129461	0.419066	1.
0	0.147000	0.405579	0.221093	0.419066	ƬǅǈǐǘǝǍǗǡ
0	0.226878	0.405579	0.303324	0.419066	ǉǍǌǊǐǡǒǠǎ
0	0.309114	0.405579	0.380561	0.419066	ǉǇǍǈǅǗǊǐǡ
0	0.386358	0.405579	0.463457	0.419066	ǖǅǑǓǖǇǅǐǅ
0	0.469235	0.405579	0.477990	0.419066	Ǎ
0	0.483779	0.405579	0.556304	0.419066	ǘǆǊǉǍǗǡǖǤ
0	0.562094	0.405579	0.570213	0.419066	Ǉ
0	0.576000	0.405579	0.653409	0.419066	ǓǗǖǘǗǖǗǇǍǍ
0	0.659199	0.405579	0.745444	0.419066	ǒǅǔǕǤǋǊǒǍǤ
0	0.751211	0.405579	0.759330	0.419066	Ǉ
0	0.765117	0.405579	0.822983	0.419066	ǖǍǖǗǊǑǊ
0	0.828751	0.405579	0.915242	0.419066	ǘǔǕǅǇǐǊǒǍǤ,
0	0.146996	0.419436	0.200418	0.432923	ǔǕǊǋǉǊ
0	0.212666	0.419436	0.239232	0.432923	ǜǊǑ
0	0.251483	0.419436	0.307347	0.432923	ǓǗǏǕǠǗǡ
0	0.319621	0.419436	0.401631	0.432923	ǏǅǏǘǣ-ǐǍǆǓ
0	0.413910	0.419436	0.456004	0.432923	ǉǇǊǕǡ
0	0.468271	0.419436	0.525833	0.432923	ǉǓǖǗǘǔǅ
0	0.538099	0.419436	0.563071	0.432923	ǍǐǍ
0	0.575343	0.419436	0.628169	0.432923	ǔǅǒǊǐǡ.
0	0.640433	0.419436	0.715571	0.432923	ƧǠǔǓǐǒǤǗǡ
0	0.727837	0.419436	0.807807	0.432923	ǔǕǓǛǊǉǘǕǠ
0	0.820053	0.419436	0.915234	0.432923	ǗǊǚǒǍǜǊǖǏǓǈǓ
0	0.146991	0.433292	0.248869	0.446779	ǓǆǖǐǘǋǍǇǅǒǍǤ
0	0.252657	0.433292	0.276813	0.446779	ǉǐǤ
0	0.280604	0.433292	0.322388	0.446779	ǕǅǆǓǗ
0	0.326177	0.433292	0.374944	0.446779	ǇǒǘǗǕǍ
0	0.378723	0.433292	0.429605	0.446779	ǝǏǅǙǅ.
0	0.117588	0.461005	0.129482	0.474492	2.
0	0.146990	0.461005	0.221083	0.474492	ƳǗǏǐǣǜǍǗǡ
0	0.226328	0.461005	0.264714	0.474492	ǓǉǍǒ,
0	0.269972	0.461005	0.294944	0.474492	ǍǐǍ
0	0.300191	0.461005	0.329870	0.474492	Ǔǆǅ,
0	0.335151	0.461004	0.396232	0.474491	ǔǕǓǇǓǉǅ
0	0.401485	0.461004	0.487976	0.474491	ǘǔǕǅǇǐǊǒǍǤ,
0	0.493219	0.461004	0.597319	0.474491	ǔǓǉǏǐǣǜǊǒǒǠǚ
0	0.602577	0.461004	0.609584	0.474491	Ǐ
0	0.614828	0.461004	0.684315	0.474491	ǏǐǊǑǑǒǓǎ
0	0.689573	0.461004	0.745933	0.474491	ǏǓǐǓǉǏǊ
0	0.751196	0.461004	0.801637	0.474491	AMBTS.
0	0.806888	0.461004	0.883072	0.474491	ƸǆǊǉǍǗǡǖǤ,
0	0.888299	0.461004	0.911465	0.474491	ǜǗǓ
0	0.147009	0.474861	0.208090	0.488348	ǔǕǓǇǓǉǅ
0	0.211888	0.474861	0.335882	0.488348	ǔǕǓǑǅǕǏǍǕǓǇǅǒǠ
0	0.339670	0.474861	0.382839	0.488348	ǔǊǕǊǉ
0	0.386616	0.474861	0.480016	0.488348	ǓǗǏǐǣǜǊǒǍǊǑ
0	0.483804	0.474861	0.499010	0.488348	ǓǗ
0	0.502799	0.474861	0.572286	0.488348	ǏǐǊǑǑǒǓǎ
0	0.576076	0.474861	0.636121	0.488348	ǏǓǐǓǉǏǍ.
0	0.117600	0.502574	0.129495	0.516060	3.
0	0.147002	0.502574	0.221112	0.516060	ƭǖǔǓǐǡǌǘǤ
0	0.237219	0.502574	0.319790	0.516060	ǑǘǐǡǗǍǑǊǗǕ
0	0.327851	0.502574	0.363450	0.516060	VOM,
0	0.371505	0.502574	0.480475	0.516060	ǘǖǗǅǒǓǇǐǊǒǒǠǎ
0	0.496545	0.502574	0.514041	0.516060	ǒǅ
0	0.522092	0.502574	0.581523	0.516060	ǇǠǖǓǏǓǊ
0	0.597641	0.502574	0.705301	0.516060	ǖǓǔǕǓǗǍǇǐǊǒǍǊ
0	0.713359	0.502574	0.834572	0.516060	(ǔǕǍǆǐǍǌǍǗǊǐǡǒǓ,
0	0.842623	0.502574	0.868598	0.516060	100
0	0.876640	0.502574	0.911450	0.516060	ǏƳǑ),
0	0.147007	0.516430	0.230248	0.529917	ǔǓǉǏǐǣǜǍǗǡ
0	0.234053	0.516430	0.273424	0.529917	ǞǘǔǠ
0	0.277207	0.516430	0.368697	0.529917	ǑǘǐǡǗǍǑǊǗǕǅ
0	0.372470	0.516430	0.379478	0.529917	Ǐ
0	0.383267	0.516430	0.432630	0.529917	ǗǓǜǏǅǑ
0	0.436418	0.516430	0.462179	0.529917	Ʒƥ1
0	0.465967	0.516430	0.474722	0.529917	Ǎ
0	0.478512	0.516430	0.504273	0.529917	Ʒƥ2
0	0.508061	0.516430	0.577548	0.529917	ǏǐǊǑǑǒǓǎ
0	0.581337	0.516430	0.638139	0.529917	ǏǓǐǓǉǏǍ
0	0.641923	0.516430	0.692372	0.529917	AMBTS.
0	0.117602	0.544143	0.129497	0.557630	4.
0	0.147004	0.544143	0.224233	0.557630	ƴǓǏǅǌǅǒǍǊ
0	0.230391	0.544143	0.283282	0.557630	ǉǓǐǋǒǓ
0	0.289440	0.544143	0.369935	0.557630	ǖǓǖǗǅǇǐǤǗǡ,
0	0.376111	0.544143	0.493865	0.557630	ǔǕǍǆǐǍǌǍǗǊǐǡǒǓ,
0	0.500019	0.544143	0.551971	0.557630	100000
0	0.558124	0.544143	0.579227	0.557630	ƳǑ
0	0.585387	0.544143	0.611639	0.557630	ǔǕǍ
0	0.617796	0.544143	0.709171	0.557630	ǗǊǑǔǊǕǅǗǘǕǊ
0	0.715327	0.544143	0.814641	0.557630	ǓǏǕǘǋǅǣǞǊǈǓ
0	0.820799	0.544143	0.878482	0.557630	ǇǓǌǉǘǚǅ
0	0.884649	0.544143	0.911460	0.557630	25C
0	0.147004	0.557999	0.182482	0.571486	(77F).
0	0.186272	0.557999	0.295549	0.571486	ƶǓǔǕǓǗǍǇǐǊǒǍǊ
0	0.299339	0.557999	0.383509	0.571486	ǔǓǒǍǋǅǊǗǖǤ
0	0.387282	0.557999	0.413535	0.571486	ǔǕǍ
0	0.417320	0.557999	0.499727	0.571486	ǔǓǇǠǝǊǒǍǍ
0	0.503517	0.557999	0.597162	0.571486	ǗǊǑǔǊǕǅǗǘǕǠ
0	0.600903	0.557999	0.700216	0.571486	ǓǏǕǘǋǅǣǞǊǈǓ
0	0.704006	0.557999	0.764933	0.571486	ǇǓǌǉǘǚǅ.
0	0.117598	0.585712	0.143002	0.599199	ƩǐǤ
0	0.146798	0.585711	0.214161	0.599198	ǔǕǓǇǊǕǏǍ
0	0.217949	0.585711	0.285889	0.599198	ǔǕǓǇǓǉǏǍ
0	0.289705	0.585711	0.335562	0.599198	ǑǊǋǉǘ
0	0.339349	0.585711	0.386562	0.599198	AMBTS
0	0.390325	0.585711	0.399080	0.599198	Ǎ
0	0.402870	0.585711	0.483984	0.599198	ǕǅǌǟǊǑǅǑǍ
0	0.491537	0.585711	0.511873	0.599198	CN
0	0.515660	0.585711	0.566288	0.599198	ǔǅǒǊǐǍ
0	0.570071	0.585711	0.595406	0.599198	ICP:
0	0.298228	0.615183	0.307866	0.628670	Ƨ
0	0.311394	0.615183	0.368009	0.628670	ǉǅǒǒǓǑ
0	0.371523	0.615183	0.478873	0.628670	ǓǆǓǕǘǉǓǇǅǒǍǍ
0	0.482385	0.615183	0.604438	0.628670	ǔǕǍǖǘǗǖǗǇǘǣǗ
0	0.607948	0.615183	0.672355	0.628670	ǓǔǅǖǒǠǊ
0	0.675868	0.615183	0.771278	0.628670	ǒǅǔǕǤǋǊǒǍǤ.
0	0.774790	0.615183	0.857671	0.628670	ƸǆǊǉǍǗǡǖǤ
0	0.861201	0.615183	0.869809	0.628670	Ǉ
0	0.873321	0.615183	0.910743	0.628670	ǗǓǑ,
0	0.159091	0.627203	0.285425	0.644568	ɉɊȿȾɍɉɊȿɀȾȿɇɂȿ
0	0.300133	0.629849	0.331371	0.643336	ǜǗǓ
0	0.335146	0.629849	0.440585	0.643336	ǇǠǏǐǣǜǅǗǊǐǡ
0	0.444342	0.629849	0.512571	0.643336	ǔǍǗǅǒǍǤ
0	0.516356	0.629849	0.604317	0.643336	ǘǔǕǅǇǐǊǒǍǤ
0	0.610531	0.629849	0.644490	0.643336	(CPS)
0	0.645852	0.629849	0.729305	0.643336	ǒǅǚǓǉǍǗǖǤ
0	0.733091	0.629849	0.741700	0.643336	Ǉ
0	0.745483	0.629849	0.827792	0.643336	ǔǓǐǓǋǊǒǍǍ
0	0.831582	0.629849	0.877888	0.643336	ƳƷƯư.,
0	0.881678	0.629849	0.890809	0.643336	Ǎ
0	0.298233	0.642896	0.403672	0.656383	ǇǠǏǐǣǜǅǗǊǐǡ
0	0.411655	0.642896	0.509072	0.656383	ǏǓǒǗǅǏǗǓǕǅ
0	0.517051	0.642896	0.552852	0.656383	ǛǊǔǍ
0	0.560874	0.642896	0.658668	0.656383	ǇǓǌǆǘǋǉǊǒǍǤ
0	0.666678	0.642896	0.758821	0.656383	ǈǊǒǊǕǅǗǓǕǅ
0	0.766836	0.642896	0.813594	0.656383	(GFCO)
0	0.821594	0.642896	0.905047	0.656383	ǒǅǚǓǉǍǗǖǤ
0	0.913056	0.642896	0.921664	0.656383	Ǉ
0	0.116869	0.656752	0.199178	0.670239	ǔǓǐǓǋǊǒǍǍ
0	0.204882	0.656752	0.243501	0.670239	ƳƷƯư
0	0.249197	0.656752	0.292575	0.670239	ǔǊǕǊǉ
0	0.298297	0.656752	0.363057	0.670239	ǒǅǜǅǐǓǑ
0	0.368743	0.656752	0.451558	0.670239	ǏǅǏǍǚ-ǐǍǆǓ
0	0.457259	0.656752	0.507096	0.670239	ǕǅǆǓǗ
0	0.512798	0.656752	0.531240	0.670239	ǒǅ
0	0.536942	0.656752	0.639767	0.670239	ǏǓǑǔǓǒǊǒǗǅǚ
0	0.645447	0.656752	0.767237	0.670239	ǢǐǊǏǗǕǍǜǊǖǏǓǈǓ
0	0.772937	0.656752	0.824103	0.670239	ǝǏǅǙǅ
0	0.829799	0.656752	0.921666	0.670239	ǘǔǕǅǇǐǊǒǍǤ.
0	0.116872	0.670609	0.199753	0.684096	ƸǆǊǉǍǗǡǖǤ
0	0.204635	0.670609	0.213243	0.684096	Ǉ
0	0.218129	0.670609	0.255543	0.684096	ǗǓǑ,
0	0.260430	0.670609	0.291668	0.684096	ǜǗǓ
0	0.296546	0.670609	0.410887	0.684096	ǍǒǉǍǏǅǗǓǕǒǠǊ
0	0.415774	0.670609	0.465715	0.684096	ǐǅǑǔǠ
0	0.470590	0.670609	0.531315	0.684096	ǌǅǕǤǉǏǍ
0	0.536187	0.670609	0.646363	0.684096	ǏǓǒǉǊǒǖǅǗǓǕǅ
0	0.651252	0.670609	0.685995	0.684096	(CCL)
0	0.690875	0.670609	0.708124	0.684096	ǒǊ
0	0.713014	0.670609	0.764860	0.684096	ǈǓǕǤǗ.
0	0.769744	0.670609	0.879938	0.684096	ƭǖǔǓǐǡǌǓǇǅǗǡ
0	0.884788	0.670609	0.921671	0.684096	VOM,
0	0.116872	0.684465	0.168887	0.697952	ǜǗǓǆǠ
0	0.173815	0.684465	0.255292	0.697952	ǘǆǊǉǍǗǡǖǤ
0	0.260230	0.684465	0.268838	0.697952	Ǉ
0	0.273776	0.684465	0.374819	0.697952	ǓǗǖǘǗǖǗǇǍǍ
0	0.379731	0.684465	0.471204	0.697952	ǒǅǔǕǤǋǊǒǍǤ
0	0.476145	0.684465	0.519523	0.697952	ǔǊǕǊǉ
0	0.524478	0.684464	0.648505	0.697951	ǔǕǍǏǓǖǒǓǇǊǒǍǊǑ
0	0.663326	0.684464	0.670970	0.697951	Ǐ
0	0.675907	0.684464	0.746315	0.697951	ǏǐǊǑǑǅǑ.
0	0.751259	0.684464	0.860372	0.697951	ƲǊǖǓǆǐǣǉǊǒǍǊ
0	0.865341	0.684464	0.921662	0.697951	ǉǅǒǒǠǚ
0	0.116873	0.698321	0.145001	0.711808	ǑǊǕ
0	0.148790	0.698321	0.285977	0.711808	ǔǕǊǉǓǖǗǊǕǊǋǊǒǍǤ
0	0.289804	0.698321	0.342662	0.711808	ǑǓǋǊǗ
0	0.346452	0.698321	0.421247	0.711808	ǔǕǍǇǊǖǗǍ
0	0.425035	0.698321	0.432680	0.711808	Ǐ
0	0.436469	0.698321	0.517586	0.711808	ǖǊǕǡǊǌǒǠǑ
0	0.521376	0.698321	0.593274	0.711808	ǗǕǅǇǑǅǑ
0	0.597031	0.698321	0.623885	0.711808	ǍǐǍ
0	0.627673	0.698321	0.690479	0.711808	ǖǑǊǕǗǍ.
0	0.117574	0.724275	0.129469	0.737762	1.
0	0.146976	0.724275	0.221069	0.737762	ƬǅǈǐǘǝǍǗǡ
0	0.226855	0.724275	0.303300	0.737762	ǉǍǌǊǐǡǒǠǎ
0	0.309089	0.724275	0.380536	0.737762	ǉǇǍǈǅǗǊǐǡ
0	0.386330	0.724275	0.463429	0.737762	ǖǅǑǓǖǇǅǐǅ
0	0.469204	0.724275	0.477960	0.737762	Ǎ
0	0.483745	0.724275	0.556270	0.737762	ǘǆǊǉǍǗǡǖǤ
0	0.562061	0.724275	0.570179	0.737762	Ǉ
0	0.575965	0.724275	0.653374	0.737762	ǓǗǖǘǗǖǗǇǍǍ
0	0.659163	0.724275	0.745407	0.737762	ǒǅǔǕǤǋǊǒǍǤ
0	0.751173	0.724275	0.759291	0.737762	Ǉ
0	0.765077	0.724275	0.822943	0.737762	ǖǍǖǗǊǑǊ
0	0.828709	0.724275	0.915200	0.737762	ǘǔǕǅǇǐǊǒǍǤ,
0	0.146942	0.738132	0.200363	0.751619	ǔǕǊǋǉǊ
0	0.212614	0.738132	0.239181	0.751619	ǜǊǑ
0	0.251432	0.738132	0.307295	0.751619	ǓǗǏǕǠǗǡ
0	0.319569	0.738132	0.401580	0.751619	ǏǅǏǘǣ-ǐǍǆǓ
0	0.413860	0.738132	0.455954	0.751619	ǉǇǊǕǡ
0	0.468223	0.738132	0.525785	0.751619	ǉǓǖǗǘǔǅ
0	0.538052	0.738132	0.563025	0.751619	ǍǐǍ
0	0.575298	0.738132	0.628124	0.751619	ǔǅǒǊǐǡ.
0	0.640386	0.738132	0.715525	0.751619	ƧǠǔǓǐǒǤǗǡ
0	0.727794	0.738132	0.807764	0.751619	ǔǕǓǛǊǉǘǕǠ
0	0.820010	0.738132	0.915191	0.751619	ǗǊǚǒǍǜǊǖǏǓǈǓ
0	0.146935	0.751988	0.248813	0.765475	ǓǆǖǐǘǋǍǇǅǒǍǤ
0	0.252601	0.751988	0.276757	0.765475	ǉǐǤ
0	0.280548	0.751988	0.322331	0.765475	ǕǅǆǓǗ
0	0.326121	0.751988	0.374888	0.765475	ǇǒǘǗǕǍ
0	0.378667	0.751988	0.429549	0.765475	ǝǏǅǙǅ.
0	0.117530	0.779701	0.129425	0.793188	2.
0	0.146932	0.779701	0.221025	0.793188	ƳǗǏǐǣǜǍǗǡ
0	0.227247	0.779701	0.253689	0.793188	Ǔǆǅ
0	0.259932	0.779701	0.321013	0.793188	ǔǕǓǇǓǉǅ
0	0.327248	0.779701	0.413737	0.793188	ǘǔǕǅǇǐǊǒǍǤ,
0	0.419963	0.779701	0.524062	0.793188	ǔǓǉǏǐǣǜǊǒǒǠǚ
0	0.530286	0.779701	0.537293	0.793188	Ǐ
0	0.543533	0.779701	0.613020	0.793188	ǏǐǊǑǑǒǓǎ
0	0.619243	0.779701	0.675603	0.793188	ǏǓǐǓǉǏǊ
0	0.681845	0.779701	0.732286	0.793188	AMBTS.
0	0.738498	0.779701	0.814685	0.793188	ƸǆǊǉǍǗǡǖǤ,
0	0.820908	0.779701	0.844074	0.793188	ǜǗǓ
0	0.850294	0.779701	0.911375	0.793188	ǔǕǓǇǓǉǅ
0	0.146932	0.793558	0.270927	0.807045	ǔǕǓǑǅǕǏǍǕǓǇǅǒǠ
0	0.274716	0.793558	0.317885	0.807045	ǔǊǕǊǉ
0	0.321660	0.793558	0.415061	0.807045	ǓǗǏǐǣǜǊǒǍǊǑ
0	0.418848	0.793558	0.434054	0.807045	ǓǗ
0	0.437845	0.793558	0.507332	0.807045	ǏǐǊǑǑǒǓǎ
0	0.511120	0.793558	0.571166	0.807045	ǏǓǐǓǉǏǍ.
0	0.117543	0.821270	0.129438	0.834757	3.
0	0.146945	0.821270	0.221038	0.834757	ƳǗǏǐǣǜǍǗǡ
0	0.224583	0.821270	0.277743	0.834757	ǕǅǌǟǊǑ
0	0.281277	0.821270	0.309846	0.834757	CNE
0	0.313400	0.821270	0.330896	0.834757	ǒǅ
0	0.334432	0.821270	0.385061	0.834757	ǔǅǒǊǐǍ
0	0.388605	0.821270	0.413935	0.834757	ICP.
0	0.417490	0.821270	0.484232	0.834757	ƳǖǐǅǆǍǗǡ
0	0.487780	0.821270	0.580968	0.834757	ǛǊǒǗǕǅǐǡǒǠǎ
0	0.584496	0.821270	0.661775	0.834757	ǖǗǓǔǓǕǒǠǎ
0	0.665319	0.821270	0.696758	0.834757	ǆǓǐǗ
0	0.700308	0.821270	0.793512	0.834757	ǖǓǊǉǍǒǍǗǊǐǤ.
0	0.797057	0.821270	0.854711	0.834757	ƭǌǇǐǊǜǡ
0	0.858246	0.821270	0.911406	0.834757	ǕǅǌǟǊǑ
0	0.146945	0.835126	0.162919	0.848613	Ǎǌ
0	0.166710	0.835126	0.220565	0.848613	ǔǅǒǊǐǍ,
0	0.224353	0.835126	0.264751	0.848613	ǏǓǈǉǅ
0	0.268554	0.835126	0.345832	0.848613	ǖǗǓǔǓǕǒǠǎ
0	0.349620	0.835126	0.381059	0.848613	ǆǓǐǗ
0	0.384853	0.835126	0.436095	0.848613	ǇǠǎǉǊǗ
0	0.439883	0.835126	0.455856	0.848613	Ǎǌ
0	0.459646	0.835126	0.514399	0.848613	ǕǊǌǡǆǠ.
0	0.117522	0.862839	0.223516	0.876326	ƴƵƭƱƪƼƥƲƭƪ:
0	0.227306	0.862839	0.289042	0.876326	ƶǑǓǗǕǍ
0	0.292822	0.862839	0.318660	0.876326	ƵǍǖ
0	0.322454	0.862839	0.334870	0.876326	6,
0	0.338656	0.862839	0.363253	0.876326	ǈǉǊ
0	0.367045	0.862839	0.449309	0.876326	ǔǕǍǇǊǉǊǒǠ
0	0.453110	0.862839	0.549778	0.876326	ǓǆǓǌǒǅǜǊǒǍǤ
0	0.553551	0.862839	0.641247	0.876326	ǏǓǒǗǅǏǗǓǇ
0	0.645006	0.862839	0.713807	0.876326	ǝǗǊǏǊǕǅ
0	0.717599	0.862839	0.742575	0.876326	CN.
0	0.119372	0.897504	0.266937	0.910991	ƯǓǒǙǍǉǊǒǛǍǅǐǡǒǅǤ
0	0.270725	0.897504	0.280134	0.910991	Ǎ
0	0.283924	0.897504	0.369582	0.910991	ǇǒǘǗǕǊǒǒǤǤ
0	0.373370	0.897504	0.469710	0.910991	ǍǒǙǓǕǑǅǛǍǤ
0	0.473500	0.897504	0.547724	0.910991	ǏǓǑǔǅǒǍǍ
0	0.551515	0.897504	0.570889	0.910991	GE
0	0.883729	0.897504	0.909704	0.910991	295
1	0.087882	0.101856	0.194481	0.115343	GET-6903A_RU
1	0.087882	0.115711	0.132464	0.129198	ƴǓǍǖǏ
1	0.136171	0.115711	0.145392	0.129198	Ǎ
1	0.149107	0.115711	0.233757	0.129198	ǘǖǗǕǅǒǊǒǍǊ
1	0.237492	0.115711	0.356829	0.129198	ǒǊǍǖǔǕǅǇǒǓǖǗǊǎ
1	0.360549	0.115711	0.410573	0.129198	ǝǏǅǙǅ
1	0.414286	0.115711	0.500441	0.129198	ǘǔǕǅǇǐǊǒǍǤ
1	0.504177	0.115711	0.520649	0.129198	ǖǓ
1	0.524358	0.115711	0.606589	0.129198	ǖǉǇǓǊǒǒǠǑ
1	0.609967	0.115711	0.642591	0.129198	IGBT
1	0.646641	0.115711	0.733916	0.129198	ǍǒǇǊǕǗǊǕǓǑ
1	0.737337	0.115711	0.799568	0.129198	17KG535
1	0.803575	0.115711	0.812796	0.129198	Ǎ
1	0.816509	0.115711	0.878741	0.129198	17KG537
1	0.088206	0.139998	0.100101	0.153485	4.
1	0.117608	0.139998	0.191717	0.153485	ƭǖǔǓǐǡǌǘǤ
1	0.195376	0.139998	0.277947	0.153485	ǑǘǐǡǗǍǑǊǗǕ
1	0.281604	0.139998	0.317204	0.153485	VOM,
1	0.320877	0.139998	0.429848	0.153485	ǘǖǗǅǒǓǇǐǊǒǒǠǎ
1	0.433476	0.139998	0.450971	0.153485	ǒǅ
1	0.454625	0.139998	0.503278	0.153485	ǒǍǌǏǓǊ
1	0.506941	0.139998	0.614602	0.153485	ǖǓǔǕǓǗǍǇǐǊǒǍǊ
1	0.618267	0.139998	0.703130	0.153485	(ǓǋǍǉǅǊǑǓǊ
1	0.706787	0.139998	0.742711	0.153485	ǒǍǋǊ
1	0.746362	0.139998	0.763680	0.153485	10
1	0.767324	0.139998	0.795124	0.153485	ƳǑ),
1	0.798784	0.139998	0.882025	0.153485	ǔǓǉǏǐǣǜǍǗǡ
1	0.117605	0.153854	0.156976	0.167341	ǞǘǔǠ
1	0.161923	0.153854	0.253413	0.167341	ǑǘǐǡǗǍǑǊǗǕǅ
1	0.258355	0.153854	0.290724	0.167341	VOM
1	0.295689	0.153854	0.302697	0.167341	Ǐ
1	0.307658	0.153854	0.367791	0.167341	ǔǕǓǇǓǉǘ
1	0.372762	0.153854	0.459253	0.167341	ǘǔǕǅǇǐǊǒǍǤ,
1	0.464210	0.153854	0.565860	0.167341	ǓǗǏǐǣǜǊǒǒǓǑǘ
1	0.570813	0.153854	0.586018	0.167341	ǓǗ
1	0.590981	0.153854	0.660467	0.167341	ǏǐǊǑǑǒǓǎ
1	0.665423	0.153854	0.722225	0.167341	ǏǓǐǓǉǏǍ
1	0.727210	0.153854	0.752970	0.167341	Ʒƥ1
1	0.757927	0.153854	0.805140	0.167341	AMBTS
1	0.810083	0.153854	0.818838	0.167341	Ǎ
1	0.823799	0.153854	0.885864	0.167341	ǕǅǌǟǊǑǅ
1	0.117601	0.167711	0.168230	0.181197	ǔǅǒǊǐǍ
1	0.174545	0.167711	0.196649	0.181197	ICP
1	0.202973	0.167711	0.248177	0.181197	CNE–9
1	0.254502	0.167711	0.311091	0.181197	(ǏǓǒǗǅǏǗ
1	0.317429	0.167711	0.332783	0.181197	9).
1	0.339103	0.167711	0.371434	0.181197	ƪǖǐǍ
1	0.377754	0.167711	0.485414	0.181197	ǖǓǔǕǓǗǍǇǐǊǒǍǊ
1	0.491734	0.167711	0.592420	0.181197	ǔǕǍǆǐǍǋǅǊǗǖǤ
1	0.598748	0.167711	0.605755	0.181197	Ǐ
1	0.612082	0.167711	0.647598	0.181197	ǒǘǐǣ
1	0.653914	0.167711	0.676211	0.181197	ǓǑ,
1	0.682539	0.167711	0.705887	0.181197	ǒǊǗ
1	0.712200	0.167711	0.766251	0.181197	ǓǆǕǠǇǅ
1	0.772574	0.167711	0.833655	0.181197	ǔǕǓǇǓǉǅ
1	0.839996	0.167711	0.885854	0.181197	ǑǊǋǉǘ
1	0.117600	0.181567	0.164813	0.195054	AMBTS
1	0.168596	0.181567	0.177351	0.195054	Ǎ
1	0.181144	0.181567	0.206479	0.195054	ICP.
1	0.088198	0.209280	0.100092	0.222767	5.
1	0.117600	0.209280	0.191693	0.222767	ƳǗǏǐǣǜǍǗǡ
1	0.196022	0.209280	0.224806	0.222767	Ǟǘǔ
1	0.229133	0.209280	0.320622	0.222767	ǑǘǐǡǗǍǑǊǗǕǅ
1	0.324936	0.209280	0.340142	0.222767	ǓǗ
1	0.344471	0.209280	0.389675	0.222767	CNE–9
1	0.393995	0.209280	0.460395	0.222767	ǍǌǑǊǕǍǗǡ
1	0.464743	0.209280	0.572403	0.222767	ǖǓǔǕǓǗǍǇǐǊǒǍǊ
1	0.576734	0.209280	0.622591	0.222767	ǑǊǋǉǘ
1	0.626912	0.209280	0.696398	0.222767	ǏǐǊǑǑǒǓǎ
1	0.700729	0.209280	0.766300	0.222767	ǏǓǐǓǉǏǓǎ
1	0.770640	0.209280	0.817853	0.222767	AMBTS
1	0.822176	0.209280	0.830931	0.222767	Ǎ
1	0.835259	0.209280	0.882058	0.222767	ǝǍǒǓǎ
1	0.117606	0.223136	0.200355	0.236623	ǌǅǌǊǑǐǊǒǍǤ
1	0.207920	0.223136	0.255567	0.236623	ǝǏǅǙǅ
1	0.263163	0.223136	0.346434	0.236623	ǘǔǕǅǇǐǊǒǍǤ
1	0.354023	0.223136	0.382450	0.236623	(ǍǐǍ
1	0.390033	0.223136	0.435289	0.236623	ǐǣǆǓǎ
1	0.442891	0.223136	0.491437	0.236623	ǜǍǖǗǓǎ
1	0.499018	0.223136	0.605322	0.236623	ǑǊǗǅǐǐǍǜǊǖǏǓǎ
1	0.612918	0.223136	0.663310	0.236623	ǜǅǖǗǡǣ
1	0.670889	0.223136	0.709574	0.236623	ǕǅǑǠ
1	0.717165	0.223136	0.794263	0.236623	ǖǅǑǓǖǇǅǐǅ
1	0.801844	0.223136	0.826816	0.236623	ǍǐǍ
1	0.834415	0.223136	0.882063	0.236623	ǝǏǅǙǅ
1	0.117610	0.236992	0.207562	0.250479	ǘǔǕǅǇǐǊǒǍǤ),
1	0.212366	0.236992	0.254884	0.250479	ǜǗǓǆǠ
1	0.259669	0.236992	0.332194	0.250479	ǘǆǊǉǍǗǡǖǤ
1	0.336998	0.236992	0.345116	0.250479	Ǉ
1	0.349902	0.236992	0.378634	0.250479	ǗǓǑ,
1	0.383437	0.236992	0.406602	0.250479	ǜǗǓ
1	0.411401	0.236992	0.463590	0.250479	ǔǕǓǇǓǉ
1	0.468374	0.236992	0.485282	0.250479	ǒǊ
1	0.490084	0.236992	0.559619	0.250479	ǌǅǌǊǑǐǊǒ.
1	0.564439	0.236992	0.673716	0.250479	ƶǓǔǕǓǗǍǇǐǊǒǍǊ
1	0.678501	0.236992	0.731392	0.250479	ǉǓǐǋǒǓ
1	0.736194	0.236992	0.769713	0.250479	ǆǠǗǡ
1	0.774499	0.236992	0.815864	0.250479	ǓǜǊǒǡ
1	0.820660	0.236992	0.882051	0.250479	ǇǠǖǓǏǍǑ
1	0.117608	0.250849	0.160012	0.264335	(ǇǠǝǊ
1	0.163803	0.250849	0.189782	0.264335	100
1	0.193549	0.250849	0.228354	0.264335	ǏƳǑ),
1	0.232145	0.250849	0.255311	0.264335	ǜǗǓ
1	0.259095	0.250849	0.332548	0.264335	ǘǏǅǌǠǇǅǊǗ
1	0.336323	0.250849	0.353819	0.264335	ǒǅ
1	0.357607	0.250849	0.434575	0.264335	ǓǗǖǘǗǖǗǇǍǊ
1	0.438363	0.250849	0.521112	0.264335	ǌǅǌǊǑǐǊǒǍǤ
1	0.524870	0.250849	0.589195	0.264335	ǔǕǓǇǓǉǅ.
1	0.088201	0.278563	0.100096	0.292049	6.
1	0.117603	0.278563	0.191696	0.292049	ƳǗǏǐǣǜǍǗǡ
1	0.199568	0.278563	0.228352	0.292049	Ǟǘǔ
1	0.236224	0.278563	0.327713	0.292049	ǑǘǐǡǗǍǑǊǗǕǅ
1	0.335552	0.278563	0.350758	0.292049	ǓǗ
1	0.358633	0.278563	0.443294	0.292049	ǖǓǊǉǍǒǊǒǍǤ
1	0.451169	0.278563	0.533918	0.292049	ǌǅǌǊǑǐǊǒǍǤ
1	0.541775	0.278563	0.550530	0.292049	Ǎ
1	0.558405	0.278563	0.624805	0.292049	ǍǌǑǊǕǍǗǡ
1	0.632661	0.278563	0.740322	0.292049	ǖǓǔǕǓǗǍǇǐǊǒǍǊ
1	0.748195	0.278563	0.794052	0.292049	ǑǊǋǉǘ
1	0.801921	0.278563	0.882058	0.292049	ǔǕǓǇǓǉǅǑǍ
1	0.117605	0.292419	0.204096	0.305906	ǘǔǕǅǇǐǊǒǍǤ,
1	0.208980	0.292419	0.313243	0.305906	ǓǗǏǐǣǜǊǒǒǠǑǍ
1	0.318143	0.292419	0.333349	0.305906	ǓǗ
1	0.338234	0.292419	0.381602	0.305906	ǏǐǊǑǑ
1	0.386486	0.292419	0.412247	0.305906	Ʒƥ1
1	0.417146	0.292419	0.425901	0.305906	Ǎ
1	0.430787	0.292419	0.456545	0.305906	Ʒƥ2
1	0.461439	0.292419	0.511888	0.305906	AMBTS.
1	0.516755	0.292419	0.626033	0.305906	ƶǓǔǕǓǗǍǇǐǊǒǍǊ
1	0.630932	0.292419	0.683823	0.305906	ǉǓǐǋǒǓ
1	0.688706	0.292419	0.722225	0.305906	ǆǠǗǡ
1	0.727109	0.292419	0.768474	0.305906	ǓǜǊǒǡ
1	0.773369	0.292418	0.834761	0.305905	ǇǠǖǓǏǍǑ
1	0.839653	0.292418	0.882059	0.305905	(ǇǠǝǊ
1	0.117606	0.306275	0.143584	0.319762	100
1	0.147351	0.306275	0.182158	0.319762	ǏƳǑ),
1	0.185949	0.306275	0.209115	0.319762	ǜǗǓ
1	0.212900	0.306275	0.286352	0.319762	ǘǏǅǌǠǇǅǊǗ
1	0.290127	0.306275	0.307623	0.319762	ǒǅ
1	0.311409	0.306275	0.388378	0.319762	ǓǗǖǘǗǖǗǇǍǊ
1	0.392165	0.306275	0.463289	0.319762	ǏǓǕǓǗǏǓǈǓ
1	0.467092	0.306275	0.545007	0.319762	ǌǅǑǠǏǅǒǍǤ
1	0.548795	0.306275	0.594652	0.319762	ǑǊǋǉǘ
1	0.598434	0.306275	0.681805	0.319762	ǔǕǓǇǓǉǅǑǍ.
1	0.088179	0.333988	0.100074	0.347475	7.
1	0.117595	0.333988	0.191704	0.347475	ƭǖǔǓǐǡǌǘǤ
1	0.195361	0.333988	0.277932	0.347475	ǑǘǐǡǗǍǑǊǗǕ
1	0.281589	0.333988	0.317189	0.347475	VOM,
1	0.320862	0.333988	0.429833	0.347475	ǘǖǗǅǒǓǇǐǊǒǒǠǎ
1	0.433461	0.333988	0.450956	0.347475	ǒǅ
1	0.454610	0.333988	0.503263	0.347475	ǒǍǌǏǓǊ
1	0.506926	0.333988	0.614587	0.347475	ǖǓǔǕǓǗǍǇǐǊǒǍǊ
1	0.618252	0.333988	0.703115	0.347475	(ǓǋǍǉǅǊǑǓǊ
1	0.706772	0.333988	0.742696	0.347475	ǒǍǋǊ
1	0.746347	0.333988	0.763665	0.347475	10
1	0.767309	0.333988	0.795110	0.347475	ƳǑ),
1	0.798771	0.333988	0.882011	0.347475	ǔǓǉǏǐǣǜǍǗǡ
1	0.117591	0.347844	0.178672	0.361331	ǔǕǓǇǓǉǅ
1	0.183076	0.347844	0.215444	0.361331	VOM
1	0.219850	0.347844	0.226857	0.361331	Ǐ
1	0.231253	0.347844	0.291387	0.361331	ǔǕǓǇǓǉǘ
1	0.295792	0.347844	0.382281	0.361331	ǘǔǕǅǇǐǊǒǍǤ,
1	0.386674	0.347844	0.488323	0.361331	ǓǗǏǐǣǜǊǒǒǓǑǘ
1	0.492710	0.347844	0.507916	0.361331	ǓǗ
1	0.512312	0.347844	0.581799	0.361331	ǏǐǊǑǑǒǓǎ
1	0.586188	0.347844	0.642989	0.361331	ǏǓǐǓǉǏǍ
1	0.647408	0.347844	0.673169	0.361331	Ʒƥ2
1	0.677559	0.347844	0.724773	0.361331	AMBTS
1	0.729147	0.347844	0.737902	0.361331	Ǎ
1	0.742296	0.347844	0.804361	0.361331	ǕǅǌǟǊǑǅ
1	0.808733	0.347844	0.859362	0.361331	ǔǅǒǊǐǍ
1	0.863748	0.347844	0.885842	0.361331	ICP
1	0.117598	0.361701	0.169370	0.375187	CNE-10
1	0.180966	0.361701	0.237560	0.375187	(ǏǓǒǗǅǏǗ
1	0.249173	0.361701	0.273185	0.375187	10).
1	0.284784	0.361701	0.337430	0.375187	ƶǑǓǗǕǍ
1	0.349033	0.361701	0.374305	0.375187	ƵǍǖ
1	0.385904	0.361701	0.397796	0.375187	6,
1	0.409393	0.361701	0.433431	0.375187	ǈǉǊ
1	0.445042	0.361701	0.511801	0.375187	ǔǓǏǅǌǅǒǓ
1	0.523400	0.361701	0.626911	0.375187	ǕǅǖǔǓǐǓǋǊǒǍǊ
1	0.638502	0.361701	0.707961	0.375187	ǝǗǠǕǡǏǓǇ
1	0.719578	0.361701	0.727696	0.375187	Ǉ
1	0.739299	0.361701	0.798521	0.375187	ǝǗǊǏǊǕǊ
1	0.810107	0.361701	0.841905	0.375187	CNE.
1	0.853513	0.361701	0.885843	0.375187	ƪǖǐǍ
1	0.117598	0.375557	0.225258	0.389044	ǖǓǔǕǓǗǍǇǐǊǒǍǊ
1	0.229046	0.375557	0.329732	0.389044	ǔǕǍǆǐǍǋǅǊǗǖǤ
1	0.333520	0.375557	0.340527	0.389044	Ǐ
1	0.344317	0.375557	0.379833	0.389044	ǒǘǐǣ
1	0.383616	0.375557	0.405914	0.389044	ǓǑ,
1	0.409702	0.375557	0.433051	0.389044	ǒǊǗ
1	0.436832	0.375557	0.490883	0.389044	ǓǆǕǠǇǅ
1	0.494672	0.375557	0.555753	0.389044	ǔǕǓǇǓǉǅ
1	0.559563	0.375556	0.605421	0.389043	ǑǊǋǉǘ
1	0.609205	0.375556	0.656418	0.389043	AMBTS
1	0.660180	0.375556	0.668936	0.389043	Ǎ
1	0.672728	0.375556	0.698063	0.389043	ICP.
1	0.088203	0.403269	0.100098	0.416756	8.
1	0.117605	0.403269	0.191685	0.416756	ƳǗǏǐǣǜǍǗǡ
1	0.197969	0.403269	0.226753	0.416756	Ǟǘǔ
1	0.233006	0.403269	0.324496	0.416756	ǑǘǐǡǗǍǑǊǗǕǅ
1	0.330753	0.403269	0.345959	0.416756	ǓǗ
1	0.352233	0.403269	0.404005	0.416756	CNE-10
1	0.410253	0.403269	0.476653	0.416756	ǍǌǑǊǕǍǗǡ
1	0.482925	0.403269	0.590586	0.416756	ǖǓǔǕǓǗǍǇǐǊǒǍǊ
1	0.596860	0.403269	0.642717	0.416756	ǑǊǋǉǘ
1	0.648967	0.403269	0.674725	0.416756	Ʒƥ2
1	0.680999	0.403269	0.750485	0.416756	ǏǐǊǑǑǒǓǎ
1	0.756758	0.403269	0.813559	0.416756	ǏǓǐǓǉǏǍ
1	0.819829	0.403269	0.867042	0.416756	AMBTS
1	0.873303	0.403269	0.882058	0.416756	Ǎ
1	0.117607	0.417126	0.211301	0.430613	ǌǅǌǊǑǐǊǒǍǊǑ
1	0.215551	0.417126	0.243983	0.430613	(ǍǐǍ
1	0.248266	0.417126	0.293522	0.430613	ǐǣǆǓǎ
1	0.297792	0.417126	0.404097	0.430613	ǑǊǗǅǐǐǍǜǊǖǏǓǎ
1	0.408376	0.417126	0.458768	0.430613	ǜǅǖǗǡǣ
1	0.463032	0.417126	0.501716	0.430613	ǕǅǑǠ
1	0.505991	0.417126	0.583090	0.430613	ǖǅǑǓǖǇǅǐǅ
1	0.587353	0.417126	0.612325	0.430613	ǍǐǍ
1	0.616610	0.417126	0.664257	0.430613	ǝǏǅǙǅ
1	0.668519	0.417126	0.758470	0.430613	ǘǔǕǅǇǐǊǒǍǤ),
1	0.762735	0.417126	0.805253	0.430613	ǜǗǓǆǠ
1	0.809534	0.417126	0.882059	0.430613	ǘǆǊǉǍǗǡǖǤ
1	0.117607	0.430982	0.125725	0.444469	Ǉ
1	0.130233	0.430982	0.158965	0.444469	ǗǓǑ,
1	0.163457	0.430982	0.186623	0.444469	ǜǗǓ
1	0.191130	0.430982	0.243318	0.444469	ǔǕǓǇǓǉ
1	0.247826	0.430982	0.264734	0.444469	ǒǊ
1	0.269241	0.430982	0.338777	0.444469	ǌǅǌǊǑǐǊǒ.
1	0.343283	0.430982	0.452561	0.444469	ƶǓǔǕǓǗǍǇǐǊǒǍǊ
1	0.457069	0.430982	0.509960	0.444469	ǉǓǐǋǒǓ
1	0.514469	0.430982	0.547987	0.444469	ǆǠǗǡ
1	0.552495	0.430982	0.593861	0.444469	ǓǜǊǒǡ
1	0.598346	0.430982	0.659738	0.444469	ǇǠǖǓǏǍǑ
1	0.664254	0.430982	0.706658	0.444469	(ǇǠǝǊ
1	0.711175	0.430982	0.737153	0.444469	100
1	0.741647	0.430982	0.776454	0.444469	ǏƳǑ),
1	0.780947	0.430982	0.804113	0.444469	ǜǗǓ
1	0.808618	0.430982	0.882071	0.444469	ǘǏǅǌǠǇǅǊǗ
1	0.117605	0.444838	0.135101	0.458325	ǒǅ
1	0.138889	0.444838	0.215857	0.458325	ǓǗǖǘǗǖǗǇǍǊ
1	0.219646	0.444838	0.302395	0.458325	ǌǅǌǊǑǐǊǒǍǤ
1	0.306154	0.444838	0.370479	0.458325	ǔǕǓǇǓǉǅ.
1	0.088203	0.472551	0.100098	0.486038	9.
1	0.117605	0.472551	0.160787	0.486038	ƴǓǖǐǊ
1	0.167441	0.472551	0.199445	0.486038	ǇǖǊǚ
1	0.206074	0.472551	0.273454	0.486038	ǔǕǓǇǊǕǓǏ
1	0.280100	0.472551	0.337091	0.486038	ǉǅǗǜǍǏǅ
1	0.343725	0.472551	0.352480	0.486038	Ǎ
1	0.359128	0.472551	0.407119	0.486038	ǖǚǊǑǠ,
1	0.413767	0.472551	0.484691	0.486038	ǇǓǌǑǓǋǒǅ
1	0.491322	0.472550	0.598790	0.486037	ǒǊǍǖǔǕǅǇǒǓǖǗǡ
1	0.605419	0.472550	0.689166	0.486037	ǅǒǅǐǓǈǓǇǓǎ
1	0.695812	0.472550	0.737798	0.486037	ǔǐǅǗǠ
1	0.744432	0.472550	0.764961	0.486037	I/O
1	0.771599	0.472550	0.792814	0.486037	TCI
1	0.799456	0.472550	0.850084	0.486037	ǔǅǒǊǐǍ
1	0.856734	0.472550	0.882069	0.486037	ICP.
1	0.117605	0.486407	0.184865	0.499894	ƬǅǑǊǒǍǗǡ
1	0.188643	0.486407	0.231226	0.499894	ǔǐǅǗǘ.
1	0.270460	0.686767	0.295267	0.692541	ПЛАТА
1	0.265045	0.693696	0.300684	0.699469	АНАЛОГО
1	0.257367	0.700624	0.277420	0.706397	ВОГО
1	0.279316	0.700624	0.308355	0.706397	ВВОДА/
1	0.260978	0.707552	0.293316	0.713326	ВЫВОДА
1	0.295212	0.707552	0.306631	0.713326	TCI
1	0.827988	0.844562	0.862427	0.851490	E-60185
1	0.261787	0.861685	0.286776	0.875172	ƵǍǖ
1	0.290572	0.861685	0.311124	0.875172	43.
1	0.318713	0.861685	0.375116	0.875172	ƩǅǗǜǍǏ
1	0.378905	0.861685	0.485912	0.875172	ǗǊǑǔǊǕǅǗǘǕǠ
1	0.489702	0.861685	0.590077	0.875172	ǓǏǕǘǋǅǣǞǊǈǓ
1	0.593816	0.861685	0.650553	0.875172	ǇǓǌǉǘǚǅ
1	0.654370	0.861685	0.708453	0.875172	(AMBTS)
1	0.088206	0.897480	0.114184	0.910967	296
1	0.430544	0.897480	0.578109	0.910967	ƯǓǒǙǍǉǊǒǛǍǅǐǡǒǅǤ
1	0.581897	0.897480	0.591306	0.910967	Ǎ
1	0.595095	0.897480	0.680753	0.910967	ǇǒǘǗǕǊǒǒǤǤ
1	0.684541	0.897480	0.780882	0.910967	ǍǒǙǓǕǑǅǛǍǤ
1	0.784670	0.897480	0.858894	0.910967	ǏǓǑǔǅǒǍǍ
1	0.862685	0.897480	0.882058	0.910967	GE
