0	0.304134	0.084519	0.371206	0.097627	BLOWER
0	0.375397	0.084519	0.442302	0.097627	5GY19L8
0	0.165983	0.119009	0.293451	0.132116	UNCONTROLLED
0	0.297642	0.119009	0.339495	0.132116	COPY
0	0.343686	0.119009	0.371111	0.132116	See
0	0.375302	0.119009	0.435161	0.132116	On-Line
0	0.439352	0.119009	0.494463	0.132116	Master
0	0.498654	0.119009	0.521073	0.132116	for
0	0.525264	0.119009	0.583917	0.132116	Current
0	0.588108	0.119009	0.653103	0.132116	Revision
0	0.088739	0.153640	0.124528	0.166748	Item
0	0.128719	0.153640	0.150916	0.166748	No
0	0.165992	0.153640	0.198035	0.166748	Part
0	0.202226	0.153640	0.224422	0.166748	No
0	0.304154	0.153640	0.392347	0.166748	Description
0	0.709109	0.153640	0.737054	0.166748	Qty
0	0.751071	0.153640	0.778200	0.166748	Tag
0	0.089143	0.172076	0.099783	0.183901	1
0	0.165983	0.168214	0.232109	0.181322	5GY19L8
0	0.304538	0.172076	0.377243	0.183901	BLOWER
0	0.383132	0.172076	0.423315	0.183901	(SEE
0	0.429204	0.172076	0.558671	0.183901	PB-15980-009)
0	0.709563	0.172076	0.720203	0.183901	1
0	0.089142	0.189321	0.099782	0.201146	2
0	0.165983	0.185459	0.272182	0.198567	41C637584G8
0	0.304538	0.189321	0.397903	0.201146	ARMATURE
0	0.403792	0.189321	0.493879	0.201146	ASSEMBLY
0	0.709547	0.189321	0.720187	0.201146	1
0	0.089142	0.206565	0.099782	0.218391	3
0	0.165983	0.202704	0.270068	0.215811	41C637583P1
0	0.304538	0.206565	0.359911	0.218391	SHAFT
0	0.709512	0.206565	0.720152	0.218391	1
0	0.089142	0.223810	0.099782	0.235635	4
0	0.165983	0.219948	0.270068	0.233056	41C637581P1
0	0.304538	0.223810	0.397903	0.235635	ARMATURE
0	0.403792	0.223810	0.451270	0.235635	HEAD
0	0.709520	0.223810	0.720160	0.235635	1
0	0.089142	0.241055	0.099782	0.252880	5
0	0.165983	0.237193	0.270272	0.250301	41B535607P1
0	0.304538	0.241055	0.402236	0.252880	PUNCHING,
0	0.408125	0.241055	0.459316	0.252880	MAIN,
0	0.465205	0.241055	0.524493	0.252880	0.0185
0	0.530382	0.241055	0.549938	0.252880	IN
0	0.555827	0.241055	0.609009	0.252880	THICK
0	0.709558	0.241055	0.741477	0.252880	256
0	0.089142	0.258299	0.099782	0.270125	6
0	0.165983	0.254437	0.270272	0.267545	41B535607P2
0	0.304538	0.258299	0.402236	0.270125	PUNCHING,
0	0.408125	0.258299	0.450199	0.270125	END,
0	0.456088	0.258299	0.515376	0.270125	0.0673
0	0.521264	0.258299	0.540821	0.270125	IN
0	0.546710	0.258299	0.599892	0.270125	THICK
0	0.709549	0.258299	0.720188	0.270125	4
0	0.089142	0.275544	0.099782	0.287369	7
0	0.165983	0.271682	0.270272	0.284790	41B538271P1
0	0.304538	0.275544	0.426678	0.287369	COMMUTATOR
0	0.709512	0.275544	0.720152	0.287369	1
0	0.089142	0.292789	0.099782	0.304614	8
0	0.165983	0.288927	0.270068	0.302034	41C637582P1
0	0.304538	0.292789	0.371388	0.304614	SPACER
0	0.709512	0.292789	0.720152	0.304614	1
0	0.089142	0.310033	0.099782	0.321859	9
0	0.165983	0.306171	0.273702	0.319279	41D732153G2
0	0.304538	0.310033	0.375737	0.321859	REWIND
0	0.381626	0.310033	0.416657	0.321859	KIT,
0	0.422546	0.310033	0.515911	0.321859	ARMATURE
0	0.709533	0.310033	0.720173	0.321859	1
0	0.089142	0.327278	0.110422	0.339103	10
0	0.165983	0.323416	0.289724	0.336524	41A239176P492
0	0.304538	0.327278	0.382613	0.339103	VARNISH
0	0.709512	0.327278	0.732582	0.339103	AR
0	0.089142	0.344523	0.110422	0.356348	11
0	0.165983	0.340661	0.280322	0.353768	41A239176P62
0	0.304538	0.344523	0.361149	0.356348	GLASS
0	0.367038	0.344523	0.415536	0.356348	TAPE,
0	0.421425	0.344523	0.470073	0.356348	0.014
0	0.475962	0.344523	0.495518	0.356348	IN
0	0.501407	0.344523	0.560678	0.356348	THICK,
0	0.566567	0.344523	0.595442	0.356348	3/8
0	0.601330	0.344523	0.620887	0.356348	IN
0	0.626775	0.344523	0.673835	0.356348	WIDE
0	0.709615	0.344523	0.732685	0.356348	AR
0	0.089142	0.361767	0.110422	0.373593	12
0	0.165983	0.357905	0.289724	0.371013	41A239176P496
0	0.304538	0.361767	0.382613	0.373593	VARNISH
0	0.709512	0.361767	0.732582	0.373593	AR
0	0.089142	0.379012	0.110422	0.390837	13
0	0.165983	0.375150	0.289724	0.388258	41A239176P393
0	0.304538	0.379012	0.359995	0.390837	CORD,
0	0.365884	0.379012	0.414532	0.390837	0.070
0	0.420421	0.379012	0.439977	0.390837	IN
0	0.445866	0.379012	0.477250	0.390837	DIA
0	0.709574	0.379012	0.732643	0.390837	AR
0	0.304538	0.394689	0.382981	0.406514	BALANCE
0	0.388870	0.394689	0.464954	0.406514	WEIGHT,
0	0.470843	0.394689	0.510357	0.406514	5/16
0	0.516246	0.394689	0.535802	0.406514	IN
0	0.541691	0.394689	0.553150	0.406514	X
0	0.559039	0.394689	0.598553	0.406514	5/16
0	0.604442	0.394689	0.623998	0.406514	IN
0	0.629887	0.394689	0.641347	0.406514	X
0	0.647235	0.394689	0.657875	0.406514	5
0	0.663764	0.394689	0.692638	0.406514	3/4
0	0.089142	0.402242	0.110422	0.414068	14
0	0.165983	0.404366	0.250783	0.417474	6717751P1
0	0.709512	0.402242	0.732582	0.414068	AR
0	0.304538	0.410081	0.324094	0.421906	IN
0	0.329983	0.410081	0.356047	0.421906	OD
0	0.089142	0.431458	0.110422	0.443284	15
0	0.165983	0.433582	0.282325	0.446690	2766829ADP77
0	0.304538	0.431458	0.382981	0.443284	BALANCE
0	0.388870	0.431458	0.464954	0.443284	WEIGHT,
0	0.470843	0.431458	0.499717	0.443284	1/2
0	0.505606	0.431458	0.525162	0.443284	IN
0	0.531051	0.431458	0.584200	0.443284	WIDE,
0	0.590088	0.431458	0.618963	0.443284	1/4
0	0.624852	0.431458	0.644408	0.443284	IN
0	0.650297	0.431458	0.703479	0.443284	THICK
0	0.709583	0.431458	0.732653	0.443284	AR
0	0.089142	0.454689	0.110422	0.466514	16
0	0.165983	0.450827	0.250783	0.463935	6717738P1
0	0.304538	0.454689	0.368460	0.466514	SLEEVE
0	0.709512	0.454689	0.720152	0.466514	1
0	0.089142	0.471933	0.110422	0.483759	17
0	0.165983	0.468072	0.270272	0.481179	41B538239P1
0	0.304538	0.471933	0.382178	0.483759	BEARING
0	0.388067	0.471933	0.421274	0.483759	CAP
0	0.709512	0.471933	0.720152	0.483759	1
0	0.089142	0.489178	0.110422	0.501003	18
0	0.165983	0.485316	0.250783	0.498424	4701852P1
0	0.304538	0.489178	0.345692	0.501003	NUT,
0	0.351580	0.489178	0.392266	0.501003	HEX,
0	0.398154	0.489178	0.408794	0.501003	1
0	0.414683	0.489178	0.464837	0.501003	11/16
0	0.470726	0.489178	0.519157	0.501003	IN-16
0	0.709560	0.489178	0.720200	0.501003	1
0	0.089142	0.506423	0.110422	0.518248	19
0	0.165983	0.502561	0.250783	0.515669	6704451P1
0	0.304538	0.506423	0.430576	0.518248	LOCKWASHER,
0	0.436464	0.506423	0.447104	0.518248	1
0	0.452993	0.506423	0.503147	0.518248	23/32
0	0.509035	0.506423	0.528592	0.518248	IN
0	0.534481	0.506423	0.554422	0.518248	ID
0	0.709577	0.506423	0.720217	0.518248	1
0	0.089142	0.523667	0.110422	0.535493	20
0	0.165983	0.519806	0.260184	0.532913	8864950P81
0	0.304538	0.523667	0.388267	0.535493	BEARING,
0	0.394156	0.523667	0.435711	0.535493	BALL
0	0.709512	0.523667	0.720152	0.535493	1
0	0.089142	0.540912	0.110422	0.552737	21
0	0.165983	0.537050	0.250783	0.550158	6704604P1
0	0.304538	0.540912	0.384286	0.552737	FLINGER,
0	0.390175	0.540912	0.487823	0.552737	LUBRICANT
0	0.709528	0.540912	0.720168	0.552737	1
0	0.089142	0.558157	0.110422	0.569982	22
0	0.165983	0.554295	0.250783	0.567403	8828743P2
0	0.304538	0.558157	0.382178	0.569982	BEARING
0	0.388067	0.558157	0.470006	0.569982	HOUSING
0	0.709510	0.558157	0.720150	0.569982	1
0	0.089142	0.575401	0.110422	0.587227	23
0	0.165983	0.571540	0.282251	0.584647	N51P16010B13
0	0.304538	0.575401	0.372492	0.587227	SCREW,
0	0.378380	0.575401	0.399141	0.587227	SL
0	0.405030	0.575401	0.423968	0.587227	FL
0	0.429856	0.575401	0.461407	0.587227	HD,
0	0.467296	0.575401	0.492975	0.587227	NO
0	0.498864	0.575401	0.555108	0.587227	10-32,
0	0.560996	0.575401	0.589871	0.587227	5/8
0	0.595759	0.575401	0.615316	0.587227	IN
0	0.621205	0.575401	0.669167	0.587227	LONG
0	0.709620	0.575401	0.720260	0.587227	2
0	0.089142	0.592646	0.110422	0.604471	24
0	0.165983	0.588784	0.263448	0.601892	N405P42B13
0	0.304538	0.592646	0.430576	0.604471	LOCKWASHER,
0	0.436464	0.592646	0.475979	0.604471	5/16
0	0.481867	0.592646	0.501424	0.604471	IN
0	0.709545	0.592646	0.720185	0.604471	6
0	0.089142	0.609891	0.110422	0.621716	25
0	0.165983	0.606029	0.282251	0.619137	N22P23016B13
0	0.304538	0.609891	0.354893	0.621716	BOLT,
0	0.360781	0.609891	0.395377	0.621716	HEX
0	0.401266	0.609891	0.432817	0.621716	HD,
0	0.438706	0.609891	0.478220	0.621716	5/16
0	0.484109	0.609891	0.538629	0.621716	IN-18,
0	0.544518	0.609891	0.582527	0.621716	1.00
0	0.588415	0.609891	0.607972	0.621716	IN
0	0.613860	0.609891	0.661823	0.621716	LONG
0	0.709603	0.609891	0.720243	0.621716	6
0	0.089142	0.627135	0.110422	0.638961	26
0	0.165983	0.623273	0.250783	0.636381	4701852P1
0	0.304538	0.627135	0.345692	0.638961	NUT,
0	0.351580	0.627135	0.392266	0.638961	HEX,
0	0.398154	0.627135	0.408794	0.638961	1
0	0.414683	0.627135	0.464837	0.638961	11/16
0	0.470726	0.627135	0.519157	0.638961	IN-16
0	0.709560	0.627135	0.720200	0.638961	1
0	0.089142	0.644380	0.110422	0.656205	27
0	0.165983	0.640518	0.250783	0.653626	6704451P1
0	0.304538	0.644380	0.430576	0.656205	LOCKWASHER,
0	0.436464	0.644380	0.447104	0.656205	1
0	0.452993	0.644380	0.503147	0.656205	23/32
0	0.509035	0.644380	0.528592	0.656205	IN
0	0.534481	0.644380	0.554422	0.656205	ID
0	0.709577	0.644380	0.720217	0.656205	1
0	0.089142	0.661625	0.110422	0.673450	28
0	0.165983	0.657763	0.260184	0.670870	8864950P81
0	0.304538	0.661625	0.388267	0.673450	BEARING,
0	0.394156	0.661625	0.435711	0.673450	BALL
0	0.709512	0.661625	0.720152	0.673450	1
0	0.089142	0.678869	0.110422	0.690695	29
0	0.165983	0.675007	0.250783	0.688115	6704604P1
0	0.304538	0.678869	0.384286	0.690695	FLINGER,
0	0.390175	0.678869	0.487823	0.690695	LUBRICANT
0	0.709528	0.678869	0.720168	0.690695	1
0	0.089142	0.696114	0.110422	0.707939	30
0	0.165983	0.692252	0.270921	0.705360	84A230013P1
0	0.304538	0.696114	0.378949	0.707939	GASKET,
0	0.384838	0.696114	0.412207	0.707939	5.5
0	0.418096	0.696114	0.437652	0.707939	IN
0	0.443541	0.696114	0.475694	0.707939	OD,
0	0.481583	0.696114	0.530231	0.707939	0.021
0	0.536120	0.696114	0.555676	0.707939	IN
0	0.561565	0.696114	0.614747	0.707939	THICK
0	0.709594	0.696114	0.720234	0.707939	1
0	0.089142	0.713359	0.110422	0.725184	31
0	0.165983	0.709497	0.270272	0.722604	84B515284P1
0	0.304538	0.713359	0.382178	0.725184	BEARING
0	0.388067	0.713359	0.421274	0.725184	CAP
0	0.709512	0.713359	0.720152	0.725184	1
0	0.089142	0.730603	0.110422	0.742429	32
0	0.165983	0.726741	0.271588	0.739849	84D730329P2
0	0.304538	0.730603	0.409380	0.742429	FRAMEHEAD
0	0.709512	0.730603	0.720152	0.742429	1
0	0.089142	0.747848	0.110422	0.759673	33
0	0.165983	0.743986	0.270921	0.757094	41A330375P1
0	0.304538	0.747848	0.376440	0.759673	CARBON
0	0.382329	0.747848	0.441684	0.759673	BRUSH
0	0.709525	0.747848	0.720165	0.759673	8
0	0.089142	0.765093	0.110422	0.776918	34
0	0.165983	0.761231	0.271588	0.774338	84D730323P2
0	0.304538	0.765093	0.409380	0.776918	FRAMEHEAD
0	0.709512	0.765093	0.720152	0.776918	1
0	0.089142	0.782337	0.110422	0.794162	35
0	0.165983	0.778475	0.272386	0.791583	41B530658G1
0	0.304538	0.782337	0.363893	0.794162	BRUSH
0	0.369782	0.782337	0.439927	0.794162	HOLDER
0	0.709517	0.782337	0.720157	0.794162	8
0	0.089142	0.799582	0.110422	0.811407	36
0	0.165983	0.795720	0.273035	0.808828	41A231366G1
0	0.304538	0.799582	0.347799	0.811407	ARM,
0	0.353688	0.799582	0.443306	0.811407	PRESSURE
0	0.709522	0.799582	0.720162	0.811407	8
0	0.089142	0.816826	0.110422	0.828652	37
0	0.165983	0.812965	0.250783	0.826072	6726843P1
0	0.304538	0.816826	0.370217	0.828652	SPRING
0	0.709512	0.816826	0.720152	0.828652	8
0	0.304538	0.832503	0.340271	0.844329	PIN,
0	0.346160	0.832503	0.411839	0.844329	SPRING
0	0.417728	0.832503	0.486317	0.844329	DOWEL,
0	0.492206	0.832503	0.531720	0.844329	3/16
0	0.537609	0.832503	0.557165	0.844329	IN
0	0.563054	0.832503	0.600527	0.844329	DIA,
0	0.606416	0.832503	0.617056	0.844329	1
0	0.622945	0.832503	0.651819	0.844329	1/8
0	0.657708	0.832503	0.677264	0.844329	IN
0	0.089142	0.840057	0.110422	0.851882	38
0	0.165983	0.842181	0.253360	0.855288	N509P1918
0	0.709512	0.840057	0.720152	0.851882	8
0	0.304538	0.847895	0.352500	0.859721	LONG
0	0.089142	0.863287	0.110422	0.875113	39
0	0.165983	0.859425	0.270921	0.872533	41A231365P1
0	0.304538	0.863287	0.346913	0.875113	HUB,
0	0.352801	0.863287	0.410718	0.875113	OUTER
0	0.709512	0.863287	0.720152	0.875113	8
0	0.304538	0.878964	0.348803	0.890789	BOLT
0	0.354692	0.878964	0.459116	0.890789	W/WASHER,
0	0.465004	0.878964	0.499600	0.890789	HEX
0	0.505489	0.878964	0.530951	0.890789	HD
0	0.536839	0.878964	0.563690	0.890789	SL,
0	0.569578	0.878964	0.595258	0.890789	NO
0	0.601146	0.878964	0.657390	0.890789	10-32,
0	0.663279	0.878964	0.692153	0.890789	1/2
0	0.089142	0.886518	0.110422	0.898343	40
0	0.165983	0.888641	0.270921	0.901749	41A230733P6
0	0.709512	0.886517	0.720152	0.898343	8
0	0.304538	0.894356	0.324094	0.906181	IN
0	0.329983	0.894356	0.377945	0.906181	LONG
0	0.089142	0.909748	0.110422	0.921573	41
0	0.165983	0.905886	0.260184	0.918994	8820297P10
0	0.304538	0.909748	0.434039	0.921573	BRUSHHOLDER
0	0.439927	0.909748	0.486819	0.921573	STUD
0	0.709528	0.909748	0.720168	0.921573	4
1	0.089143	0.068608	0.110422	0.080434	42
1	0.165983	0.064746	0.252897	0.077854	6727544G1
1	0.304538	0.068608	0.419685	0.080434	CONNECTION
1	0.425574	0.068608	0.480479	0.080434	STRAP
1	0.709503	0.068608	0.720143	0.080434	4
1	0.304538	0.084285	0.348803	0.096111	BOLT
1	0.354692	0.084285	0.459116	0.096111	W/WASHER,
1	0.465004	0.084285	0.499600	0.096111	HEX
1	0.505489	0.084285	0.537040	0.096111	HD,
1	0.542929	0.084285	0.571803	0.096111	1/4
1	0.577692	0.084285	0.632213	0.096111	IN-20,
1	0.638101	0.084285	0.648741	0.096111	1
1	0.654630	0.084285	0.674186	0.096111	IN
1	0.089142	0.091839	0.110422	0.103664	43
1	0.165983	0.093962	0.252118	0.107070	481A899P1
1	0.709512	0.091839	0.720152	0.103664	8
1	0.304538	0.099677	0.352500	0.111502	LONG
1	0.089142	0.115069	0.110422	0.126894	44
1	0.165983	0.111207	0.270272	0.124315	41B537660P7
1	0.304538	0.115069	0.384821	0.126894	WASHER,
1	0.390710	0.115069	0.437485	0.126894	FLAT,
1	0.443373	0.115069	0.492022	0.126894	0.562
1	0.497910	0.115069	0.517467	0.126894	IN
1	0.523356	0.115069	0.549386	0.126894	ID,
1	0.555275	0.115069	0.603923	0.126894	1.250
1	0.609812	0.115069	0.629368	0.126894	IN
1	0.635257	0.115069	0.661321	0.126894	OD
1	0.709648	0.115069	0.720288	0.126894	4
1	0.089142	0.132314	0.110422	0.144139	45
1	0.165983	0.128452	0.270921	0.141560	41A232345P9
1	0.304538	0.132314	0.391446	0.144139	LOCKNUT,
1	0.397335	0.132314	0.426209	0.144139	1/2
1	0.432098	0.132314	0.480529	0.144139	IN-13
1	0.709545	0.132314	0.720185	0.144139	4
1	0.089142	0.149558	0.110422	0.161384	46
1	0.165983	0.145696	0.252897	0.158804	6727539G2
1	0.304538	0.149558	0.359025	0.161384	CABLE
1	0.364913	0.149558	0.461090	0.161384	ASSEMBLY,
1	0.466978	0.149558	0.488258	0.161384	18
1	0.494146	0.149558	0.513703	0.161384	IN
1	0.519592	0.149558	0.567554	0.161384	LONG
1	0.709591	0.149558	0.720231	0.161384	2
1	0.089142	0.166803	0.110422	0.178628	47
1	0.165983	0.162941	0.282251	0.176049	N26P21010B13
1	0.304538	0.166803	0.354893	0.178628	BOLT,
1	0.360781	0.166803	0.381542	0.178628	SL
1	0.387431	0.166803	0.422027	0.178628	HEX
1	0.427916	0.166803	0.459467	0.178628	HD,
1	0.465356	0.166803	0.494230	0.178628	1/4
1	0.500119	0.166803	0.554639	0.178628	IN-20,
1	0.560528	0.166803	0.589402	0.178628	5/8
1	0.595291	0.166803	0.614848	0.178628	IN
1	0.620736	0.166803	0.668699	0.178628	LONG
1	0.709609	0.166803	0.720249	0.178628	2
1	0.089142	0.184048	0.110422	0.195873	48
1	0.165983	0.180186	0.282251	0.193293	N26P21012B13
1	0.304538	0.184048	0.354893	0.195873	BOLT,
1	0.360781	0.184048	0.381542	0.195873	SL
1	0.387431	0.184048	0.422027	0.195873	HEX
1	0.427916	0.184048	0.459467	0.195873	HD,
1	0.465356	0.184048	0.494230	0.195873	1/4
1	0.500119	0.184048	0.554639	0.195873	IN-20,
1	0.560528	0.184048	0.589402	0.195873	3/4
1	0.595291	0.184048	0.614848	0.195873	IN
1	0.620736	0.184048	0.668699	0.195873	LONG
1	0.709609	0.184048	0.720249	0.195873	2
1	0.089142	0.201292	0.110422	0.213118	49
1	0.165983	0.197430	0.263448	0.210538	N405P41B13
1	0.304538	0.201292	0.430576	0.213118	LOCKWASHER,
1	0.436464	0.201292	0.465339	0.213118	1/4
1	0.471227	0.201292	0.490784	0.213118	IN
1	0.709540	0.201292	0.720180	0.213118	4
1	0.089142	0.218537	0.110422	0.230362	50
1	0.165983	0.214675	0.252897	0.227783	6727540G1
1	0.304538	0.218537	0.383918	0.230362	FLEXIBLE
1	0.389806	0.218537	0.497024	0.230362	CONNECTOR
1	0.709507	0.218537	0.720146	0.230362	1
1	0.089142	0.235782	0.110422	0.247607	51
1	0.165983	0.231920	0.272386	0.245027	41B539128G1
1	0.304538	0.235782	0.383232	0.247607	BRACKET
1	0.389121	0.235782	0.485297	0.247607	ASSEMBLY,
1	0.491185	0.235782	0.566601	0.247607	GROUND
1	0.572489	0.235782	0.631845	0.247607	BRUSH
1	0.709563	0.235782	0.720202	0.247607	1
1	0.089142	0.253026	0.110422	0.264852	52
1	0.165983	0.249164	0.263448	0.262272	N405P43B13
1	0.304538	0.253026	0.430576	0.264851	LOCKWASHER,
1	0.436464	0.253026	0.465339	0.264851	3/8
1	0.471227	0.253026	0.490784	0.264851	IN
1	0.709540	0.253026	0.720180	0.264851	2
1	0.304538	0.268703	0.354893	0.280528	BOLT,
1	0.360781	0.268703	0.460705	0.280528	SHOULDER,
1	0.466594	0.268703	0.501190	0.280528	HEX
1	0.507078	0.268703	0.543364	0.280528	SOC
1	0.549253	0.268703	0.580804	0.280528	HD,
1	0.586692	0.268703	0.615567	0.280528	3/8
1	0.621456	0.268703	0.647102	0.280528	IN,
1	0.652990	0.268703	0.681865	0.280528	3/8
1	0.089142	0.276257	0.110422	0.288082	53
1	0.165983	0.278381	0.253360	0.291488	N94P38006
1	0.709512	0.276257	0.720152	0.288082	2
1	0.304538	0.284095	0.324094	0.295920	IN
1	0.329983	0.284095	0.352266	0.295920	LG
1	0.089142	0.299487	0.110422	0.311312	54
1	0.165983	0.295625	0.261519	0.308733	497A806P36
1	0.304538	0.299487	0.374282	0.311312	CEMENT
1	0.709512	0.299487	0.732582	0.311312	AR
1	0.089142	0.316732	0.110422	0.328557	55
1	0.165983	0.312870	0.282251	0.325977	N22P33024B13
1	0.304538	0.316732	0.354893	0.328557	BOLT,
1	0.360781	0.316732	0.395377	0.328557	HEX
1	0.401266	0.316732	0.432817	0.328557	HD,
1	0.438706	0.316732	0.467580	0.328557	5/8
1	0.473469	0.316732	0.527990	0.328557	IN-11,
1	0.533878	0.316732	0.544518	0.328557	1
1	0.550407	0.316732	0.579281	0.328557	1/2
1	0.585170	0.316732	0.604726	0.328557	IN
1	0.610615	0.316732	0.658578	0.328557	LONG
1	0.709601	0.316732	0.720240	0.328557	1
1	0.089142	0.333976	0.110422	0.345802	56
1	0.165983	0.330114	0.263448	0.343222	N402P17B13
1	0.304538	0.333976	0.384821	0.345802	WASHER,
1	0.390710	0.333976	0.419584	0.345802	5/8
1	0.425473	0.333976	0.445030	0.345802	IN
1	0.450918	0.333976	0.543029	0.345802	(NARROW)
1	0.709539	0.333976	0.720179	0.345802	1
1	0.089142	0.351221	0.110422	0.363046	57
1	0.165983	0.347359	0.263448	0.360467	N203P33B13
1	0.304538	0.351221	0.345692	0.363046	NUT,
1	0.351580	0.351221	0.392266	0.363046	HEX,
1	0.398154	0.351221	0.427029	0.363046	5/8
1	0.432918	0.351221	0.481349	0.363046	IN-11
1	0.709540	0.351221	0.720180	0.363046	1
1	0.089142	0.368466	0.110422	0.380291	58
1	0.165983	0.364604	0.282251	0.377711	N26P21010B13
1	0.304538	0.368466	0.354893	0.380291	BOLT,
1	0.360781	0.368466	0.381542	0.380291	SL
1	0.387431	0.368466	0.422027	0.380291	HEX
1	0.427916	0.368466	0.459467	0.380291	HD,
1	0.465356	0.368466	0.494230	0.380291	1/4
1	0.500119	0.368466	0.554639	0.380291	IN-20,
1	0.560528	0.368466	0.589402	0.380291	5/8
1	0.595291	0.368466	0.614848	0.380291	IN
1	0.620736	0.368466	0.668699	0.380291	LONG
1	0.709609	0.368466	0.730889	0.380291	14
1	0.089142	0.385710	0.110422	0.397536	59
1	0.165983	0.381848	0.282251	0.394956	N26P21012B13
1	0.304538	0.385710	0.354893	0.397536	BOLT,
1	0.360781	0.385710	0.381542	0.397536	SL
1	0.387431	0.385710	0.422027	0.397536	HEX
1	0.427916	0.385710	0.459467	0.397536	HD,
1	0.465356	0.385710	0.494230	0.397536	1/4
1	0.500119	0.385710	0.554639	0.397536	IN-20,
1	0.560528	0.385710	0.589402	0.397536	3/4
1	0.595291	0.385710	0.614848	0.397536	IN
1	0.620736	0.385710	0.668699	0.397536	LONG
1	0.709609	0.385710	0.720249	0.397536	2
1	0.089142	0.402955	0.110422	0.414780	60
1	0.165983	0.399093	0.263448	0.412201	N203P21B13
1	0.304538	0.402955	0.345692	0.414780	NUT,
1	0.351580	0.402955	0.392266	0.414780	HEX,
1	0.398154	0.402955	0.427029	0.414780	1/4
1	0.432918	0.402955	0.481349	0.414780	IN-20
1	0.709540	0.402955	0.730820	0.414780	16
1	0.089142	0.420200	0.110422	0.432025	61
1	0.165983	0.416338	0.263448	0.429445	N405P41B13
1	0.304538	0.420200	0.430576	0.432025	LOCKWASHER,
1	0.436464	0.420200	0.465339	0.432025	1/4
1	0.471227	0.420200	0.490784	0.432025	IN
1	0.709540	0.420200	0.730820	0.432025	16
1	0.089142	0.437444	0.110422	0.449269	62
1	0.165983	0.433582	0.250783	0.446690	6717767P1
1	0.304538	0.437444	0.390877	0.449270	BUSHING,
1	0.396766	0.437444	0.425640	0.449270	3/4
1	0.431529	0.437444	0.451086	0.449270	IN
1	0.456974	0.437444	0.476915	0.449270	ID
1	0.709559	0.437444	0.720198	0.449270	1
1	0.089142	0.454689	0.110422	0.466514	63
1	0.165983	0.450827	0.272386	0.463935	41B537480G2
1	0.304538	0.454689	0.359025	0.466514	CABLE
1	0.364913	0.454689	0.461090	0.466514	ASSEMBLY,
1	0.466978	0.454689	0.498898	0.466514	108
1	0.504786	0.454689	0.524343	0.466514	IN
1	0.530231	0.454689	0.578194	0.466514	LONG
1	0.709596	0.454689	0.720235	0.466514	1
1	0.089142	0.471933	0.110422	0.483759	64
1	0.165983	0.468072	0.272386	0.481179	41B537480G3
1	0.304538	0.471933	0.359025	0.483759	CABLE
1	0.364913	0.471933	0.461090	0.483759	ASSEMBLY,
1	0.466978	0.471933	0.498898	0.483759	102
1	0.504786	0.471933	0.524343	0.483759	IN
1	0.530231	0.471933	0.578194	0.483759	LONG
1	0.709596	0.471933	0.720235	0.483759	1
1	0.304538	0.487610	0.359025	0.499436	CABLE
1	0.364913	0.487610	0.451253	0.499436	BUSHING,
1	0.457142	0.487610	0.507296	0.499436	17/32
1	0.513184	0.487610	0.532741	0.499436	IN
1	0.538629	0.487610	0.564660	0.499436	ID,
1	0.570549	0.487610	0.581188	0.499436	1
1	0.587077	0.487610	0.626591	0.499436	5/32
1	0.632480	0.487610	0.652037	0.499436	IN
1	0.657925	0.487610	0.690079	0.499436	OD,
1	0.089142	0.495164	0.110422	0.506989	65
1	0.165983	0.497288	0.270921	0.510395	41A330002P4
1	0.709512	0.495164	0.720152	0.506989	2
1	0.304538	0.503002	0.373562	0.514828	RUBBER
1	0.089142	0.518394	0.110422	0.530220	66
1	0.165983	0.514532	0.263448	0.527640	N402P41B13
1	0.304538	0.518394	0.384821	0.530220	WASHER,
1	0.390710	0.518394	0.419584	0.530220	1/4
1	0.425473	0.518394	0.445030	0.530220	IN
1	0.709539	0.518394	0.730818	0.530220	16
1	0.089142	0.535639	0.110422	0.547464	67
1	0.165983	0.531777	0.252897	0.544885	6733645G1
1	0.304538	0.535639	0.419685	0.547464	CONNECTION
1	0.425574	0.535639	0.486568	0.547464	STRAP,
1	0.492457	0.535639	0.590239	0.547464	INSULATED
1	0.709535	0.535639	0.720175	0.547464	2
1	0.089142	0.552884	0.110422	0.564709	68
1	0.165983	0.549022	0.252897	0.562129	6733645G2
1	0.304538	0.552884	0.419685	0.564709	CONNECTION
1	0.425574	0.552884	0.486568	0.564709	STRAP,
1	0.492457	0.552884	0.590239	0.564709	INSULATED
1	0.709535	0.552884	0.720175	0.564709	2
1	0.089142	0.570128	0.110422	0.581954	69
1	0.165983	0.566266	0.250783	0.579374	6733645P9
1	0.304538	0.570128	0.419685	0.581954	CONNECTION
1	0.425574	0.570128	0.480479	0.581954	STRAP
1	0.709503	0.570128	0.720143	0.581954	2
1	0.089142	0.587373	0.110422	0.599198	70
1	0.165983	0.583511	0.260184	0.596619	6733645P10
1	0.304538	0.587373	0.419685	0.599198	CONNECTION
1	0.425574	0.587373	0.480479	0.599198	STRAP
1	0.709503	0.587373	0.720143	0.599198	1
1	0.089142	0.604617	0.110422	0.616443	71
1	0.165983	0.600756	0.289724	0.613863	41A239176P196
1	0.304538	0.604617	0.353036	0.616443	TAPE,
1	0.358924	0.604617	0.407573	0.616443	0.005
1	0.413462	0.604617	0.433018	0.616443	IN
1	0.438907	0.604617	0.479458	0.616443	THK,
1	0.485347	0.604617	0.533995	0.616443	0.750
1	0.539884	0.604617	0.559440	0.616443	IN
1	0.565329	0.604617	0.612388	0.616443	WIDE
1	0.709605	0.604617	0.732674	0.616443	AR
1	0.304538	0.620294	0.353036	0.632120	TAPE,
1	0.358924	0.620294	0.471964	0.632120	FIBERGLASS,
1	0.477852	0.620294	0.526501	0.632120	0.007
1	0.532390	0.620294	0.551946	0.632120	IN
1	0.557835	0.620294	0.617106	0.632120	THICK,
1	0.622995	0.620294	0.633635	0.632120	1
1	0.639523	0.620294	0.659080	0.632120	IN
1	0.089142	0.627848	0.110422	0.639673	72
1	0.165983	0.629972	0.280322	0.643080	41A239176P15
1	0.709512	0.627848	0.732582	0.639673	AR
1	0.304538	0.635686	0.351597	0.647512	WIDE
1	0.089142	0.651078	0.110422	0.662904	73
1	0.165983	0.647216	0.289724	0.660324	41A239176P487
1	0.304538	0.651078	0.382613	0.662904	VARNISH
1	0.709512	0.651078	0.732582	0.662904	AR
1	0.089142	0.668323	0.110422	0.680148	74
1	0.165983	0.664461	0.252897	0.677569	6744253G3
1	0.304538	0.668323	0.345742	0.680148	COIL
1	0.351630	0.668323	0.398087	0.680148	WITH
1	0.403976	0.668323	0.508433	0.680148	TERMINALS,
1	0.514322	0.668323	0.597901	0.680148	EXCITING
1	0.709527	0.668323	0.720166	0.680148	4
1	0.089142	0.685568	0.110422	0.697393	75
1	0.165983	0.681706	0.252897	0.694813	6744251G3
1	0.304538	0.685568	0.345742	0.697393	COIL
1	0.351630	0.685568	0.398087	0.697393	WITH
1	0.403976	0.685568	0.508433	0.697393	TERMINALS,
1	0.514322	0.685568	0.644191	0.697393	COMMUTATING
1	0.709541	0.685568	0.720181	0.697393	4
1	0.089142	0.702812	0.110422	0.714638	76
1	0.165983	0.698950	0.250783	0.712058	6733634P6
1	0.304538	0.702812	0.347682	0.714638	POLE
1	0.353571	0.702812	0.409614	0.714638	PIECE,
1	0.415503	0.702812	0.499082	0.714638	EXCITING
1	0.504970	0.702812	0.546174	0.714638	COIL
1	0.709507	0.702812	0.720147	0.714638	4
1	0.089142	0.720057	0.110422	0.731882	77
1	0.165983	0.716195	0.252897	0.729303	6733633G1
1	0.304538	0.720057	0.347682	0.731882	POLE
1	0.353571	0.720057	0.409614	0.731882	PIECE,
1	0.415503	0.720057	0.545371	0.731882	COMMUTATING
1	0.551260	0.720057	0.592464	0.731882	COIL
1	0.709522	0.720057	0.720162	0.731882	4
1	0.089142	0.737302	0.110422	0.749127	78
1	0.165983	0.733440	0.282251	0.746547	N22P33032B13
1	0.304538	0.737301	0.354893	0.749127	BOLT,
1	0.360781	0.737301	0.395377	0.749127	HEX
1	0.401266	0.737301	0.432817	0.749127	HD,
1	0.438706	0.737301	0.467580	0.749127	5/8
1	0.473469	0.737301	0.527990	0.749127	IN-11,
1	0.533878	0.737301	0.544518	0.749127	2
1	0.550407	0.737301	0.569963	0.749127	IN
1	0.575852	0.737301	0.623814	0.749127	LONG
1	0.709586	0.737301	0.730866	0.749127	16
1	0.089142	0.754546	0.110422	0.766371	79
1	0.165983	0.750684	0.263448	0.763792	N405P47B13
1	0.304538	0.754546	0.430576	0.766371	LOCKWASHER,
1	0.436464	0.754546	0.465339	0.766371	5/8
1	0.471227	0.754546	0.490784	0.766371	IN
1	0.709540	0.754546	0.730820	0.766371	16
1	0.089142	0.771791	0.110422	0.783616	80
1	0.165983	0.767929	0.273702	0.781037	41D732624G4
1	0.304538	0.771791	0.376440	0.783616	MAGNET
1	0.382329	0.771791	0.439693	0.783616	FRAME
1	0.709519	0.771791	0.720158	0.783616	1
1	0.089142	0.789036	0.121865	0.800861	80A
1	0.165983	0.785174	0.241381	0.798281	441241P1
1	0.304538	0.789036	0.367038	0.800861	DOWEL
1	0.372927	0.789036	0.408660	0.800861	PIN,
1	0.414549	0.789036	0.454063	0.800861	5/16
1	0.459952	0.789036	0.479508	0.800861	IN
1	0.485397	0.789036	0.522870	0.800861	DIA,
1	0.528759	0.789036	0.568273	0.800861	9/16
1	0.574162	0.789036	0.593719	0.800861	IN
1	0.599607	0.789036	0.647570	0.800861	LONG
1	0.709620	0.789036	0.720260	0.800861	2
1	0.089142	0.806280	0.110422	0.818105	81
1	0.165983	0.802418	0.250783	0.815526	6717753P1
1	0.304538	0.806280	0.345692	0.818105	NUT,
1	0.351580	0.806280	0.392266	0.818105	HEX,
1	0.398154	0.806280	0.408794	0.818105	1
1	0.414683	0.806280	0.443557	0.818105	1/8
1	0.449446	0.806280	0.497877	0.818105	IN-18
1	0.709552	0.806280	0.720192	0.818105	2
1	0.089142	0.823525	0.110422	0.835350	82
1	0.165983	0.819663	0.282251	0.832771	N503P1240B13
1	0.304538	0.823525	0.372191	0.835350	COTTER
1	0.378079	0.823525	0.413813	0.835350	PIN,
1	0.419702	0.823525	0.448576	0.835350	1/8
1	0.454465	0.823525	0.474021	0.835350	IN
1	0.479910	0.823525	0.517383	0.835350	DIA,
1	0.523272	0.823525	0.533912	0.835350	2
1	0.539800	0.823525	0.568675	0.835350	1/2
1	0.574564	0.823525	0.594120	0.835350	IN
1	0.600009	0.823525	0.647971	0.835350	LONG
1	0.709589	0.823525	0.720229	0.835350	2
1	0.089142	0.840769	0.110422	0.852595	83
1	0.165983	0.836908	0.273702	0.850015	41D732534G2
1	0.304538	0.840769	0.338113	0.852595	FAN
1	0.709512	0.840769	0.720152	0.852595	1
1	0.089142	0.858014	0.110422	0.869839	84
1	0.165983	0.854152	0.282251	0.867260	N22P25020B13
1	0.304538	0.858014	0.354893	0.869839	BOLT,
1	0.360781	0.858014	0.395377	0.869839	HEX
1	0.401266	0.858014	0.432817	0.869839	HD,
1	0.438706	0.858014	0.467580	0.869839	3/8
1	0.473469	0.858014	0.527990	0.869839	IN-16,
1	0.533878	0.858014	0.544518	0.869839	1
1	0.550407	0.858014	0.579281	0.869839	1/4
1	0.585170	0.858014	0.604726	0.869839	IN
1	0.610615	0.858014	0.658578	0.869839	LONG
1	0.709601	0.858014	0.720240	0.869839	8
1	0.089142	0.875259	0.110422	0.887084	85
1	0.165983	0.871397	0.263448	0.884504	N405P43B13
1	0.304538	0.875258	0.430576	0.887084	LOCKWASHER,
1	0.436464	0.875258	0.465339	0.887084	3/8
1	0.471227	0.875258	0.490784	0.887084	IN
1	0.709540	0.875258	0.730820	0.887084	16
1	0.089142	0.892503	0.110422	0.904328	86
1	0.165983	0.888641	0.273702	0.901749	41D732534G1
1	0.304538	0.892503	0.338113	0.904328	FAN
1	0.709512	0.892503	0.720152	0.904328	1
1	0.089142	0.909748	0.110422	0.921573	87
1	0.165983	0.905886	0.273035	0.918994	41A238663G1
1	0.304538	0.909748	0.363893	0.921573	BRUSH
1	0.709512	0.909748	0.720152	0.921573	1
2	0.089143	0.068608	0.110422	0.080434	88
2	0.165983	0.064746	0.270921	0.077854	41A239420P1
2	0.304538	0.068608	0.343835	0.080434	CAP,
2	0.349723	0.068608	0.479224	0.080434	BRUSHHOLDER
2	0.709522	0.068608	0.720162	0.080434	1
2	0.089142	0.085853	0.110422	0.097678	89
2	0.165983	0.081991	0.250783	0.095099	6727190P1
2	0.304538	0.085853	0.362354	0.097678	PLATE,
2	0.368243	0.085853	0.404227	0.097678	END
2	0.709512	0.085853	0.720152	0.097678	1
2	0.089142	0.103097	0.110422	0.114923	90
2	0.165983	0.099236	0.282251	0.112343	N26P23016B13
2	0.304538	0.103097	0.354893	0.114923	BOLT,
2	0.360781	0.103097	0.395377	0.114923	HEX
2	0.401266	0.103097	0.432817	0.114923	HD,
2	0.438706	0.103097	0.478220	0.114923	5/16
2	0.484109	0.103097	0.538629	0.114923	IN-18,
2	0.544518	0.103097	0.555158	0.114923	1
2	0.561046	0.103097	0.580603	0.114923	IN
2	0.586491	0.103097	0.634454	0.114923	LONG
2	0.709591	0.103097	0.720230	0.114923	8
2	0.089142	0.120342	0.110422	0.132168	91
2	0.165983	0.116480	0.263448	0.129588	N405P42B13
2	0.304538	0.120342	0.430576	0.132168	LOCKWASHER,
2	0.436464	0.120342	0.475979	0.132168	5/16
2	0.481867	0.120342	0.501424	0.132168	IN
2	0.709545	0.120342	0.720185	0.132168	8
2	0.089142	0.137587	0.110422	0.149412	92
2	0.165983	0.133725	0.270921	0.146833	41A239273P1
2	0.304538	0.137587	0.373562	0.149412	RUBBER
2	0.379451	0.137587	0.441784	0.149412	MOUNT
2	0.709518	0.137587	0.720158	0.149412	4
2	0.089142	0.154831	0.110422	0.166657	93
2	0.165983	0.150970	0.270272	0.164077	41B538532P1
2	0.304538	0.154831	0.379953	0.166657	GROUND
2	0.385842	0.154831	0.445197	0.166657	BRUSH
2	0.451086	0.154831	0.495234	0.166657	RING
2	0.709513	0.154831	0.720153	0.166657	1
2	0.304538	0.170508	0.382981	0.182334	BALANCE
2	0.388870	0.170508	0.464954	0.182334	WEIGHT,
2	0.470843	0.170508	0.499717	0.182334	1/4
2	0.505606	0.170508	0.525162	0.182334	IN
2	0.531051	0.170508	0.542511	0.182334	X
2	0.548399	0.170508	0.598553	0.182334	21/32
2	0.604442	0.170508	0.623998	0.182334	IN
2	0.629887	0.170508	0.641347	0.182334	X
2	0.647235	0.170508	0.657875	0.182334	5
2	0.089142	0.178062	0.110422	0.189887	94
2	0.165983	0.180186	0.273072	0.193293	2766829AHP1
2	0.709512	0.178062	0.732582	0.189887	AR
2	0.304538	0.185900	0.354692	0.197726	21/32
2	0.360581	0.185900	0.380137	0.197726	IN
2	0.386026	0.185900	0.412090	0.197726	OD
2	0.089142	0.201292	0.110422	0.213118	95
2	0.165983	0.197430	0.270921	0.210538	41A330002P5
2	0.304538	0.201292	0.359025	0.213118	CABLE
2	0.364913	0.201292	0.445163	0.213118	BUSHING
2	0.709534	0.201292	0.720173	0.213118	1
2	0.089142	0.218537	0.121865	0.230362	95A
2	0.165983	0.214675	0.282251	0.227783	N22P25032B13
2	0.304538	0.218537	0.354893	0.230362	BOLT,
2	0.360781	0.218537	0.395377	0.230362	HEX
2	0.401266	0.218537	0.432817	0.230362	HD,
2	0.438706	0.218537	0.467580	0.230362	3/8
2	0.473469	0.218537	0.527990	0.230362	IN-16,
2	0.533878	0.218537	0.544518	0.230362	2
2	0.550407	0.218537	0.569963	0.230362	IN
2	0.575852	0.218537	0.623814	0.230362	LONG
2	0.709586	0.218537	0.720226	0.230362	8
2	0.089142	0.235782	0.110422	0.247607	96
2	0.165983	0.231920	0.252897	0.245027	6744247G1
2	0.304538	0.235782	0.363023	0.247607	COVER
2	0.368912	0.235782	0.415369	0.247607	WITH
2	0.421257	0.235782	0.510407	0.247607	CLAMPING
2	0.516296	0.235782	0.569830	0.247607	LEVER
2	0.709522	0.235782	0.720162	0.247607	1
2	0.089142	0.253026	0.121865	0.264852	96A
2	0.165983	0.249164	0.252897	0.262272	4732253G2
2	0.304538	0.253026	0.359844	0.264851	LATCH
2	0.365733	0.253026	0.455820	0.264851	ASSEMBLY
2	0.709545	0.253026	0.720185	0.264851	1
2	0.089142	0.270271	0.110422	0.282096	97
2	0.165983	0.266409	0.252897	0.279517	6744247G2
2	0.304538	0.270271	0.363023	0.282096	COVER
2	0.368912	0.270271	0.415369	0.282096	WITH
2	0.421257	0.270271	0.510407	0.282096	CLAMPING
2	0.516296	0.270271	0.569830	0.282096	LEVER
2	0.709522	0.270271	0.720162	0.282096	1
2	0.089142	0.287516	0.121865	0.299341	97A
2	0.165983	0.283654	0.252897	0.296761	4732253G2
2	0.304538	0.287516	0.359844	0.299341	LATCH
2	0.365733	0.287516	0.455820	0.299341	ASSEMBLY
2	0.709545	0.287516	0.720185	0.299341	1
2	0.089142	0.304760	0.110422	0.316586	98
2	0.165983	0.300898	0.270921	0.314006	41A239944P1
2	0.304538	0.304760	0.367724	0.316585	V-RING
2	0.373613	0.304760	0.416389	0.316585	SEAL
2	0.709512	0.304760	0.720152	0.316585	2
2	0.089142	0.322005	0.110422	0.333830	99
2	0.165983	0.318143	0.282251	0.331251	N14P29052B13
2	0.304538	0.322005	0.354893	0.333830	BOLT,
2	0.360781	0.322005	0.395377	0.333830	HEX
2	0.401266	0.322005	0.432817	0.333830	HD,
2	0.438706	0.322005	0.467580	0.333830	1/2
2	0.473469	0.322005	0.527990	0.333830	IN-13,
2	0.533878	0.322005	0.544518	0.333830	3
2	0.550407	0.322005	0.579281	0.333830	1/4
2	0.585170	0.322005	0.604726	0.333830	IN
2	0.610615	0.322005	0.658578	0.333830	LONG
2	0.709601	0.322005	0.720240	0.333830	4
2	0.089142	0.339249	0.121062	0.351075	100
2	0.165983	0.335388	0.263448	0.348495	N402P75B13
2	0.304538	0.339249	0.384821	0.351075	WASHER,
2	0.390710	0.339249	0.419584	0.351075	1/2
2	0.425473	0.339249	0.445030	0.351075	IN
2	0.709539	0.339249	0.720178	0.351075	4
2	0.089142	0.356494	0.121062	0.368320	101
2	0.165983	0.352632	0.263448	0.365740	N405P45B13
2	0.304538	0.356494	0.430576	0.368319	LOCKWASHER,
2	0.436464	0.356494	0.474473	0.368319	0.50
2	0.480362	0.356494	0.499918	0.368319	IN
2	0.709550	0.356494	0.720190	0.368319	4
2	0.089142	0.373739	0.121062	0.385564	102
2	0.165983	0.369877	0.273591	0.382985	499A906AAP5
2	0.304538	0.373739	0.345692	0.385564	NUT,
2	0.351580	0.373739	0.392266	0.385564	HEX,
2	0.398154	0.373739	0.427029	0.385564	1/2
2	0.432918	0.373739	0.487438	0.385564	IN-13,
2	0.493327	0.373739	0.620151	0.385564	SELF-LOCKING
2	0.709558	0.373739	0.720198	0.385564	4
3	0.443696	0.069674	0.567234	0.083615	PB–15980–009A
3	0.336057	0.083130	0.359663	0.094676	GE
3	0.364129	0.083130	0.443992	0.094676	Proprietary
3	0.448457	0.083130	0.475704	0.094676	and
3	0.480169	0.083130	0.566402	0.094676	Confidential
3	0.570867	0.083130	0.652561	0.094676	Information
3	0.240836	0.167440	0.259005	0.178986	98
3	0.657949	0.312744	0.676118	0.324290	96
3	0.657964	0.321411	0.676132	0.332957	97
3	0.535865	0.330490	0.554033	0.342036	41
3	0.806727	0.331948	0.824896	0.343494	95
3	0.727420	0.347105	0.745589	0.358651	35
3	0.694449	0.351561	0.712617	0.363107	33
3	0.336255	0.389094	0.354424	0.403032	85
3	0.146725	0.398172	0.164894	0.409718	86
3	0.336253	0.400165	0.365320	0.411710	95A
3	0.394698	0.430303	0.412866	0.441849	34
3	0.362929	0.453617	0.381098	0.465163	44
3	0.362934	0.462281	0.381103	0.473826	45
3	0.373958	0.483532	0.392126	0.495078	12
3	0.320871	0.494662	0.339040	0.506208	89
3	0.373963	0.492254	0.392132	0.503800	13
3	0.405623	0.520120	0.423792	0.531666	88
3	0.198143	0.525672	0.216312	0.537218	90
3	0.198158	0.534338	0.216327	0.545884	91
3	0.585787	0.562274	0.603956	0.573820	15
3	0.585812	0.570996	0.603980	0.582542	94
3	0.160809	0.575550	0.178978	0.587096	17
3	0.573553	0.586693	0.591722	0.598239	87
3	0.143588	0.596632	0.161757	0.608178	82
3	0.132560	0.625497	0.150729	0.637042	81
3	0.289188	0.670998	0.307357	0.682543	18
3	0.331891	0.673157	0.350059	0.684703	19
3	0.382100	0.674265	0.400268	0.685811	23
3	0.413496	0.676496	0.431664	0.688042	20
3	0.471581	0.678725	0.489750	0.690271	16
3	0.561054	0.666544	0.579222	0.678090	93
3	0.632381	0.670998	0.641466	0.682543	7
3	0.802549	0.669889	0.811634	0.681435	8
3	0.441745	0.686507	0.459914	0.698052	21
3	0.535859	0.692014	0.554028	0.703560	22
3	0.813378	0.719591	0.831546	0.731136	99
3	0.825876	0.740662	0.853129	0.752208	100
3	0.830599	0.765081	0.848767	0.776627	92
3	0.816515	0.783936	0.843768	0.795481	101
3	0.816515	0.801670	0.843768	0.813215	102
3	0.692487	0.831585	0.753023	0.843131	MOTOR
3	0.757483	0.831585	0.817381	0.843131	MOUNT
3	0.481766	0.841339	0.506457	0.850575	Ref.
3	0.509986	0.841339	0.517254	0.850575	1
3	0.413314	0.850039	0.511372	0.859276	(Representative
3	0.514444	0.850039	0.585616	0.859276	Illustration)
3	0.481401	0.858814	0.506812	0.868051	FIG.
3	0.510350	0.858814	0.517618	0.868051	1
3	0.483630	0.897002	0.491799	0.908548	–
3	0.495884	0.897002	0.504054	0.908548	1
3	0.508138	0.897002	0.516308	0.908548	–
4	0.443696	0.072069	0.567233	0.083615	PB–15980–009A
4	0.336056	0.083130	0.359666	0.094676	GE
4	0.364126	0.083130	0.444023	0.094676	Proprietary
4	0.448483	0.083130	0.475736	0.094676	and
4	0.480197	0.083130	0.566465	0.094676	Confidential
4	0.570926	0.083130	0.652652	0.094676	Information
4	0.764655	0.165045	0.782824	0.178986	98
4	0.198124	0.289456	0.216293	0.301002	78
4	0.198144	0.300585	0.216313	0.312131	79
4	0.298543	0.326045	0.307627	0.337591	5
4	0.405346	0.327156	0.414430	0.338702	6
4	0.541876	0.331610	0.550960	0.343156	9
4	0.488432	0.338284	0.505391	0.349829	11
4	0.541884	0.342666	0.560052	0.354212	10
4	0.642277	0.389281	0.660446	0.400827	84
4	0.642297	0.400341	0.660466	0.411887	85
4	0.843195	0.410353	0.861363	0.421899	83
4	0.833734	0.444725	0.851903	0.456271	30
4	0.629694	0.453617	0.647863	0.465162	32
4	0.855693	0.484651	0.873862	0.496196	27
4	0.805506	0.522346	0.823674	0.533891	24
4	0.805506	0.533476	0.823674	0.545022	25
4	0.860235	0.549388	0.878404	0.560934	26
4	0.843195	0.602198	0.861363	0.613744	82
4	0.844763	0.625509	0.862932	0.637055	81
4	0.871445	0.642135	0.880529	0.653681	3
4	0.560665	0.666554	0.578834	0.678100	29
4	0.264084	0.676495	0.273168	0.688041	2
4	0.432014	0.676495	0.441098	0.688041	4
4	0.535569	0.680952	0.553738	0.692498	14
4	0.606152	0.678724	0.624321	0.690270	28
4	0.689333	0.675387	0.707501	0.686933	31
4	0.413312	0.849261	0.511371	0.858498	(Representative
4	0.514430	0.849261	0.585601	0.858498	Illustration)
4	0.441664	0.860188	0.467087	0.869425	FIG.
4	0.470616	0.860188	0.477883	0.869425	1
4	0.499189	0.860188	0.552911	0.869425	(Cont’d.)
5	0.443696	0.072069	0.567233	0.083615	PB–15980–009A
5	0.336056	0.083130	0.359666	0.094676	GE
5	0.364126	0.083130	0.444023	0.094676	Proprietary
5	0.448483	0.083130	0.475736	0.094676	and
5	0.480197	0.083130	0.566465	0.094676	Confidential
5	0.570926	0.083130	0.652652	0.094676	Information
5	0.540304	0.241796	0.558472	0.253342	40
5	0.416277	0.260650	0.434446	0.272196	37
5	0.640705	0.280613	0.658874	0.292159	36
5	0.334665	0.304963	0.352834	0.316509	39
5	0.216927	0.443605	0.235096	0.455150	38
5	0.478154	0.842714	0.502845	0.851950	Ref.
5	0.506322	0.842714	0.520857	0.851950	35
5	0.413308	0.851415	0.511367	0.860651	(Representative
5	0.514425	0.851415	0.585597	0.860651	Illustration)
5	0.481395	0.860189	0.506818	0.869426	FIG.
5	0.510347	0.860189	0.517615	0.869426	2
5	0.495849	0.902445	0.504019	0.913990	!
6	0.443696	0.072069	0.567233	0.083615	PB–15980–009A
6	0.336056	0.083130	0.359666	0.094676	GE
6	0.364126	0.083130	0.444023	0.094676	Proprietary
6	0.448483	0.083130	0.475736	0.094676	and
6	0.480197	0.083130	0.566465	0.094676	Confidential
6	0.570926	0.083130	0.652652	0.094676	Information
6	0.402382	0.140607	0.420551	0.152153	47
6	0.402382	0.151668	0.420551	0.163214	49
6	0.560869	0.159461	0.579038	0.171007	46
6	0.312716	0.167440	0.330885	0.178985	35
6	0.645618	0.167185	0.663787	0.178731	34
6	0.730367	0.231530	0.748536	0.243076	41
6	0.774089	0.265890	0.792258	0.277436	35
6	0.808826	0.321333	0.826994	0.332879	43
6	0.819757	0.347970	0.837925	0.359515	48
6	0.424129	0.362367	0.442298	0.373913	41
6	0.819769	0.359031	0.837938	0.370577	49
6	0.490187	0.381221	0.508356	0.392767	42
6	0.822910	0.393460	0.841079	0.405006	50
6	0.827633	0.418918	0.845801	0.430464	52
6	0.827644	0.430049	0.845813	0.441595	53
6	0.827644	0.441110	0.845813	0.452656	54
6	0.447672	0.501001	0.459468	0.512547	B
6	0.785854	0.533730	0.804023	0.545275	51
6	0.166712	0.562271	0.184881	0.573817	35
6	0.760203	0.558934	0.778371	0.570480	35
6	0.590867	0.620266	0.609035	0.631812	46
6	0.493159	0.630741	0.504956	0.642287	B
6	0.312253	0.714198	0.330422	0.725744	56
6	0.473892	0.714198	0.492061	0.725744	55
6	0.312253	0.725329	0.330422	0.736874	57
6	0.439154	0.829860	0.511780	0.841406	SECTION
6	0.520538	0.829860	0.551418	0.841406	B–B
6	0.413313	0.850176	0.511371	0.859412	(Representative
6	0.514430	0.850176	0.585602	0.859412	Illustration)
6	0.481401	0.859080	0.506824	0.868316	FIG.
6	0.510354	0.859080	0.517621	0.868316	3
6	0.495849	0.902445	0.504019	0.913990	"
7	0.443696	0.072069	0.567233	0.083615	PB–15980–009A
7	0.336056	0.083130	0.359666	0.094676	GE
7	0.364126	0.083130	0.444023	0.094676	Proprietary
7	0.448483	0.083130	0.475736	0.094676	and
7	0.480197	0.083130	0.566465	0.094676	Confidential
7	0.570926	0.083130	0.652652	0.094676	Information
7	0.389593	0.166326	0.407762	0.177872	64
7	0.442956	0.166326	0.461124	0.177872	63
7	0.497871	0.184129	0.516039	0.195675	65
7	0.311135	0.200755	0.329303	0.212301	65
7	0.637566	0.204093	0.651372	0.221134	CL
7	0.661094	0.205131	0.683788	0.216677	OF
7	0.687399	0.205131	0.777720	0.216677	ARMATURE
7	0.347260	0.311642	0.365429	0.323187	62
7	0.369218	0.380362	0.387387	0.391907	64
7	0.566983	0.382590	0.585152	0.394136	63
7	0.604596	0.407009	0.622765	0.418555	69
7	0.246778	0.462452	0.264946	0.473998	68
7	0.190260	0.509051	0.208429	0.520597	80
7	0.166734	0.556711	0.184903	0.568257	67
7	0.791430	0.586685	0.809598	0.598231	67
7	0.827472	0.615481	0.845641	0.627026	59
7	0.827472	0.626611	0.845641	0.638157	60
7	0.169887	0.636562	0.188056	0.648108	70
7	0.827472	0.637672	0.845641	0.649217	61
7	0.792917	0.648801	0.811086	0.660347	58
7	0.827472	0.648802	0.845641	0.660348	66
7	0.792916	0.659863	0.811084	0.671408	60
7	0.792916	0.670993	0.811084	0.682539	61
7	0.792916	0.682054	0.811084	0.693599	66
7	0.792916	0.693114	0.811084	0.704660	71
7	0.792916	0.704245	0.811084	0.715790	72
7	0.758459	0.717533	0.776627	0.729079	74
7	0.792916	0.715305	0.811084	0.726851	73
7	0.206010	0.730811	0.224179	0.742357	78
7	0.758457	0.728652	0.776626	0.740198	76
7	0.206010	0.741942	0.224179	0.753488	79
7	0.694067	0.748626	0.712236	0.760171	68
7	0.615625	0.791830	0.633794	0.803376	75
7	0.405346	0.806297	0.423515	0.817843	69
7	0.537165	0.802950	0.555334	0.814496	78
7	0.615623	0.802950	0.633792	0.814496	77
7	0.537165	0.814011	0.555334	0.825556	79
7	0.410161	0.851420	0.508220	0.860657	(Representative
7	0.511279	0.851420	0.582450	0.860657	Illustration)
7	0.479999	0.860195	0.512690	0.869432	FIG.4
7	0.495849	0.902445	0.504019	0.913990	#
