0	0.804862	0.103163	0.911461	0.116649	GET-6903A_RU
0	0.117608	0.115628	0.162189	0.129115	ƴǓǍǖǏ
0	0.165903	0.115628	0.175123	0.129115	Ǎ
0	0.178837	0.115628	0.263487	0.129115	ǘǖǗǕǅǒǊǒǍǊ
0	0.267216	0.115628	0.386553	0.129115	ǒǊǍǖǔǕǅǇǒǓǖǗǊǎ
0	0.390267	0.115628	0.440291	0.129115	ǝǏǅǙǅ
0	0.444005	0.115628	0.530160	0.129115	ǘǔǕǅǇǐǊǒǍǤ
0	0.533904	0.115628	0.550376	0.129115	ǖǓ
0	0.554090	0.115628	0.636321	0.129115	ǖǉǇǓǊǒǒǠǑ
0	0.639507	0.115628	0.672130	0.129115	IGBT
0	0.676372	0.115628	0.763648	0.129115	ǍǒǇǊǕǗǊǕǓǑ
0	0.766867	0.115628	0.829099	0.129115	17KG535
0	0.833312	0.115628	0.842532	0.129115	Ǎ
0	0.846246	0.115628	0.908478	0.129115	17KG537
0	0.117608	0.140223	0.162955	0.156408	4.3.4.
0	0.167493	0.140223	0.243174	0.156408	ƩǅǗǜǍǏǍ
0	0.247721	0.140223	0.287440	0.156408	ǗǓǏǅ
0	0.117608	0.170020	0.204197	0.183507	ƶǊǑǒǅǉǛǅǗǡ
0	0.208411	0.170020	0.273378	0.183507	ǉǅǗǜǍǏǓǇ
0	0.277604	0.170020	0.308716	0.183507	ǗǓǏǅ
0	0.312927	0.170020	0.341671	0.183507	(ƵǍǖ
0	0.345893	0.170020	0.366445	0.183507	15,
0	0.370628	0.170020	0.395901	0.183507	ƵǍǖ
0	0.400122	0.170020	0.417440	0.183507	16
0	0.421641	0.170020	0.430396	0.183507	Ǎ
0	0.434578	0.170020	0.459851	0.183507	ƵǍǖ
0	0.464071	0.170020	0.484855	0.183507	17)
0	0.489037	0.170020	0.583697	0.183507	ǍǖǔǓǐǡǌǘǊǗǖǤ
0	0.587877	0.170020	0.595995	0.183507	Ǉ
0	0.600209	0.170020	0.646910	0.183507	ǝǏǅǙǘ
0	0.651124	0.170020	0.734395	0.183507	ǘǔǕǅǇǐǊǒǍǤ
0	0.738592	0.170020	0.801646	0.183507	17KG535
0	0.805860	0.170020	0.817376	0.183507	(Ǉ
0	0.821590	0.170020	0.836798	0.183507	ǗǓ
0	0.840996	0.170020	0.884289	0.183507	ǇǕǊǑǤ
0	0.888496	0.170020	0.911410	0.183507	ǏǅǏ
0	0.117624	0.183877	0.221037	0.197364	ǢǐǊǏǗǕǍǜǊǖǏǍǎ
0	0.226967	0.183877	0.265712	0.197364	ǝǏǅǙ
0	0.271642	0.183877	0.354913	0.197364	ǘǔǕǅǇǐǊǒǍǤ
0	0.360825	0.183877	0.423879	0.197364	17KG537
0	0.429759	0.183877	0.473836	0.197364	ǑǓǋǊǗ
0	0.479743	0.183877	0.555959	0.197364	ǖǓǉǊǕǋǅǗǡ
0	0.561885	0.183877	0.579203	0.197364	16
0	0.585116	0.183877	0.650083	0.197364	ǉǅǗǜǍǏǓǇ
0	0.656024	0.183877	0.690369	0.197364	ǗǓǏǅ;
0	0.696305	0.183877	0.722558	0.197364	ǔǕǍ
0	0.728484	0.183877	0.836781	0.197364	ǍǖǔǓǐǡǌǓǇǅǒǍǍ
0	0.842711	0.183877	0.915269	0.197364	ǘǖǗǅǒǓǇǏǅ
0	0.117624	0.197733	0.227343	0.211220	ǉǍǒǅǑǍǜǊǖǏǓǈǓ
0	0.232210	0.197733	0.316757	0.211220	ǌǅǑǊǉǐǊǒǍǤ
0	0.321609	0.197733	0.329482	0.211220	ǖ
0	0.334333	0.197733	0.379769	0.211220	ǓǉǒǍǑ
0	0.384643	0.197733	0.521737	0.211220	ǢǐǊǏǗǕǓǉǇǍǈǅǗǊǐǊǑ
0	0.526606	0.197733	0.584853	0.211220	ǓǆǉǘǇǅ).
0	0.589723	0.197733	0.640670	0.211220	ƯǅǆǊǐǍ
0	0.645538	0.197733	0.703231	0.211220	ǔǍǗǅǒǍǤ
0	0.708099	0.197733	0.773948	0.211220	ǔǕǓǚǓǉǤǗ
0	0.778843	0.197733	0.819562	0.211220	ǜǊǕǊǌ
0	0.824400	0.197733	0.915318	0.211220	ǛǊǒǗǕǅǐǡǒǓǊ
0	0.117657	0.211590	0.189577	0.225076	ǓǗǇǊǕǖǗǍǊ
0	0.196895	0.211590	0.257120	0.225076	ǉǅǗǜǍǏǅ,
0	0.264454	0.211590	0.273210	0.225076	Ǎ
0	0.280528	0.211590	0.305972	0.225076	ǗǓǏ,
0	0.313295	0.211590	0.452872	0.225076	ǔǕǓǔǓǕǛǍǓǒǅǐǡǒǠǎ
0	0.460207	0.211590	0.587387	0.225076	ǏǓǒǗǕǓǐǍǕǘǊǑǓǑǘ
0	0.594688	0.211590	0.624853	0.225076	ǗǓǏǘ
0	0.632192	0.211590	0.680314	0.225076	ǏǅǆǊǐǤ
0	0.687631	0.211590	0.748559	0.225076	ǔǍǗǅǒǍǤ,
0	0.755877	0.211590	0.831228	0.225076	ǇǠǇǓǉǍǗǖǤ
0	0.838578	0.211590	0.846697	0.225076	Ǉ
0	0.854014	0.211590	0.911521	0.225076	ǖǍǖǗǊǑǘ
0	0.117640	0.225446	0.200912	0.238933	ǘǔǕǅǇǐǊǒǍǤ
0	0.204687	0.225446	0.228842	0.238933	ǉǐǤ
0	0.232630	0.225446	0.309448	0.238933	ǍǌǑǊǕǊǒǍǤ
0	0.313229	0.225446	0.347574	0.238933	ǗǓǏǅ.
0	0.117640	0.253159	0.194919	0.266646	ƩǅǗǜǍǏǅǑǍ
0	0.198708	0.253159	0.229821	0.266646	ǗǓǏǅ
0	0.233609	0.253159	0.301240	0.266646	ǤǇǐǤǣǗǖǤ:
0	0.117640	0.280872	0.129533	0.294359	1.
0	0.147009	0.280871	0.195643	0.294358	CM11A
0	0.199983	0.280871	0.207954	0.294358	–
0	0.212281	0.280871	0.291843	0.294358	ƭǌǑǊǕǊǒǍǊ
0	0.296159	0.280871	0.327271	0.294358	ǗǓǏǅ
0	0.331604	0.280871	0.393517	0.294358	ǗǤǈǓǇǓǈǓ
0	0.397873	0.280871	0.524025	0.294358	ǢǐǊǏǗǕǓǉǇǍǈǅǗǊǐǤ
0	0.528368	0.280871	0.537025	0.294358	1
0	0.541352	0.280871	0.580408	0.294358	(TM1),
0	0.584735	0.280871	0.620676	0.294358	Ǚǅǌǅ
0	0.625004	0.280871	0.634347	0.294358	ƥ
0	0.638676	0.280871	0.694899	0.294358	ǖǗǅǗǓǕǅ
0	0.699244	0.280871	0.714450	0.294358	ǓǗ
0	0.718780	0.280871	0.772692	0.294358	ǙǅǌǒǠǚ
0	0.777013	0.280871	0.837597	0.294358	ǑǓǉǘǐǊǎ
0	0.841945	0.280871	0.898389	0.294358	PM11A+
0	0.902706	0.280871	0.911462	0.294358	Ǎ
0	0.147009	0.294728	0.202766	0.308215	PM11A–
0	0.206559	0.294728	0.299261	0.308215	(ǔǊǕǊǑǊǒǒǠǎ
0	0.303019	0.294728	0.331928	0.308215	ǗǓǏ).
0	0.117607	0.322441	0.129500	0.335928	2.
0	0.147007	0.322441	0.195641	0.335928	CM12A
0	0.199981	0.322441	0.207953	0.335928	–
0	0.212281	0.322441	0.291843	0.335928	ƭǌǑǊǕǊǒǍǊ
0	0.296159	0.322441	0.327271	0.335928	ǗǓǏǅ
0	0.331604	0.322441	0.393517	0.335928	ǗǤǈǓǇǓǈǓ
0	0.397873	0.322441	0.524024	0.335928	ǢǐǊǏǗǕǓǉǇǍǈǅǗǊǐǤ
0	0.528368	0.322441	0.537025	0.335928	1
0	0.541352	0.322441	0.580408	0.335928	(TM1),
0	0.584735	0.322441	0.620676	0.335928	Ǚǅǌǅ
0	0.625004	0.322441	0.634347	0.335928	ƥ
0	0.638676	0.322441	0.694899	0.335928	ǖǗǅǗǓǕǅ
0	0.699244	0.322441	0.714450	0.335928	ǓǗ
0	0.718780	0.322441	0.772692	0.335928	ǙǅǌǒǠǚ
0	0.777013	0.322441	0.837597	0.335928	ǑǓǉǘǐǊǎ
0	0.841945	0.322441	0.898389	0.335928	PM12A+
0	0.902706	0.322441	0.911462	0.335928	Ǎ
0	0.147009	0.336297	0.202766	0.349784	PM12A–
0	0.206559	0.336297	0.299261	0.349784	(ǔǊǕǊǑǊǒǒǠǎ
0	0.303019	0.336297	0.331928	0.349784	ǗǓǏ).
0	0.117607	0.364010	0.129500	0.377497	3.
0	0.147007	0.364010	0.195609	0.377497	CM11B
0	0.199965	0.364010	0.207936	0.377497	–
0	0.212265	0.364010	0.291827	0.377497	ƭǌǑǊǕǊǒǍǊ
0	0.296142	0.364010	0.327255	0.377497	ǗǓǏǅ
0	0.331604	0.364010	0.393517	0.377497	ǗǤǈǓǇǓǈǓ
0	0.397873	0.364010	0.524024	0.377497	ǢǐǊǏǗǕǓǉǇǍǈǅǗǊǐǤ
0	0.528376	0.364010	0.537033	0.377497	1
0	0.541370	0.364010	0.580434	0.377497	(TM1),
0	0.584756	0.364010	0.620697	0.377497	Ǚǅǌǅ
0	0.625037	0.364010	0.634347	0.377497	Ƨ
0	0.638676	0.364010	0.694899	0.377497	ǖǗǅǗǓǕǅ
0	0.699244	0.364010	0.714450	0.377497	ǓǗ
0	0.718797	0.364010	0.772708	0.377497	ǙǅǌǒǠǚ
0	0.777029	0.364010	0.837613	0.377497	ǑǓǉǘǐǊǎ
0	0.841962	0.364010	0.898371	0.377497	PM11Ƨ+
0	0.902706	0.364010	0.911461	0.377497	Ǎ
0	0.147009	0.377866	0.202732	0.391353	PM11Ƨ–
0	0.206526	0.377866	0.299244	0.391353	(ǔǊǕǊǑǊǒǒǠǎ
0	0.302986	0.377866	0.331895	0.391353	ǗǓǏ).
0	0.117606	0.405579	0.129500	0.419066	4.
0	0.147007	0.405579	0.195608	0.419066	CM12B
0	0.199965	0.405579	0.207936	0.419066	–
0	0.212265	0.405579	0.291827	0.419066	ƭǌǑǊǕǊǒǍǊ
0	0.296142	0.405579	0.327254	0.419066	ǗǓǏǅ
0	0.331588	0.405579	0.393500	0.419066	ǗǤǈǓǇǓǈǓ
0	0.397857	0.405579	0.524008	0.419066	ǢǐǊǏǗǕǓǉǇǍǈǅǗǊǐǤ
0	0.528359	0.405579	0.537017	0.419066	1
0	0.541354	0.405579	0.580417	0.419066	(TM1),
0	0.584740	0.405579	0.620680	0.419066	Ǚǅǌǅ
0	0.625020	0.405579	0.634331	0.419066	Ƨ
0	0.638660	0.405579	0.694883	0.419066	ǖǗǅǗǓǕǅ
0	0.699228	0.405579	0.714434	0.419066	ǓǗ
0	0.718780	0.405579	0.772692	0.419066	ǙǅǌǒǠǚ
0	0.777012	0.405579	0.837597	0.419066	ǑǓǉǘǐǊǎ
0	0.841945	0.405579	0.898355	0.419066	PM12Ƨ+
0	0.902690	0.405579	0.911445	0.419066	Ǎ
0	0.146992	0.419436	0.202716	0.432923	PM12Ƨ–
0	0.206510	0.419436	0.299228	0.432923	(ǔǊǕǊǑǊǒǒǠǎ
0	0.302970	0.419436	0.331879	0.432923	ǗǓǏ).
0	0.117590	0.447149	0.129483	0.460635	5.
0	0.147008	0.447148	0.195790	0.460635	CM11ƶ
0	0.200107	0.447148	0.208078	0.460635	–
0	0.212363	0.447148	0.291924	0.460635	ƭǌǑǊǕǊǒǍǊ
0	0.296224	0.447148	0.327336	0.460635	ǗǓǏǅ
0	0.331637	0.447148	0.393549	0.460635	ǗǤǈǓǇǓǈǓ
0	0.397873	0.447148	0.524024	0.460635	ǢǐǊǏǗǕǓǉǇǍǈǅǗǊǐǤ
0	0.528343	0.447148	0.537000	0.460635	1
0	0.541303	0.447148	0.580358	0.460635	(TM1),
0	0.584641	0.447148	0.620582	0.460635	Ǚǅǌǅ
0	0.624889	0.447148	0.634380	0.460635	ƶ
0	0.638676	0.447148	0.694899	0.460635	ǖǗǅǗǓǕǅ
0	0.699211	0.447148	0.714417	0.460635	ǓǗ
0	0.718715	0.447148	0.772626	0.460635	ǙǅǌǒǠǚ
0	0.776931	0.447148	0.837515	0.460635	ǑǓǉǘǐǊǎ
0	0.841814	0.447148	0.898394	0.460635	PM11ƶ+
0	0.902706	0.447148	0.911461	0.460635	Ǎ
0	0.147008	0.461005	0.202911	0.474492	PM11ƶ–
0	0.206706	0.461005	0.299424	0.474492	(ǔǊǕǊǑǊǒǒǠǎ
0	0.303182	0.461005	0.332091	0.474492	ǗǓǏ).
0	0.117623	0.488718	0.129516	0.502205	6.
0	0.147023	0.488718	0.195804	0.502205	CM12ƶ
0	0.200121	0.488718	0.208093	0.502205	–
0	0.212379	0.488718	0.291941	0.502205	ƭǌǑǊǕǊǒǍǊ
0	0.296240	0.488718	0.327352	0.502205	ǗǓǏǅ
0	0.331653	0.488718	0.393566	0.502205	ǗǤǈǓǇǓǈǓ
0	0.397889	0.488718	0.524040	0.502205	ǢǐǊǏǗǕǓǉǇǍǈǅǗǊǐǤ
0	0.528359	0.488718	0.537017	0.502205	1
0	0.541319	0.488718	0.580375	0.502205	(TM1),
0	0.584658	0.488718	0.620598	0.502205	Ǚǅǌǅ
0	0.624906	0.488718	0.634396	0.502205	ƶ
0	0.638692	0.488718	0.694915	0.502205	ǖǗǅǗǓǕǅ
0	0.699228	0.488718	0.714433	0.502205	ǓǗ
0	0.718731	0.488718	0.772643	0.502205	ǙǅǌǒǠǚ
0	0.776947	0.488718	0.837531	0.502205	ǑǓǉǘǐǊǎ
0	0.841831	0.488718	0.898410	0.502205	PM12ƶ+
0	0.902722	0.488718	0.911478	0.502205	Ǎ
0	0.147025	0.502574	0.202928	0.516061	PM12ƶ–
0	0.206722	0.502574	0.299440	0.516061	(ǔǊǕǊǑǊǒǒǠǎ
0	0.303198	0.502574	0.332107	0.516061	ǗǓǏ).
0	0.117639	0.530287	0.129532	0.543774	7.
0	0.147039	0.530287	0.195674	0.543774	CM21A
0	0.200014	0.530287	0.207985	0.543774	–
0	0.212313	0.530287	0.291875	0.543774	ƭǌǑǊǕǊǒǍǊ
0	0.296191	0.530287	0.327303	0.543774	ǗǓǏǅ
0	0.331637	0.530287	0.393549	0.543774	ǗǤǈǓǇǓǈǓ
0	0.397906	0.530287	0.524057	0.543774	ǢǐǊǏǗǕǓǉǇǍǈǅǗǊǐǤ
0	0.528400	0.530287	0.537057	0.543774	2
0	0.541384	0.530287	0.580440	0.543774	(TM2),
0	0.584772	0.530287	0.620713	0.543774	Ǚǅǌǅ
0	0.625036	0.530287	0.634380	0.543774	ƥ
0	0.638708	0.530287	0.694932	0.543774	ǖǗǅǗǓǕǅ
0	0.699260	0.530287	0.714466	0.543774	ǓǗ
0	0.718796	0.530287	0.772708	0.543774	ǙǅǌǒǠǚ
0	0.777029	0.530287	0.837613	0.543774	ǑǓǉǘǐǊǎ
0	0.841961	0.530287	0.898413	0.543774	PM21A+
0	0.902722	0.530287	0.911478	0.543774	Ǎ
0	0.147025	0.544143	0.202782	0.557630	PM21A–
0	0.206575	0.544143	0.299277	0.557630	(ǔǊǕǊǑǊǒǒǠǎ
0	0.303035	0.544143	0.331944	0.557630	ǗǓǏ).
0	0.117623	0.571856	0.129516	0.585343	8.
0	0.147024	0.571855	0.195658	0.585342	CM22A
0	0.199998	0.571855	0.207970	0.585342	–
0	0.212297	0.571855	0.291859	0.585342	ƭǌǑǊǕǊǒǍǊ
0	0.296174	0.571855	0.327286	0.585342	ǗǓǏǅ
0	0.331620	0.571855	0.393532	0.585342	ǗǤǈǓǇǓǈǓ
0	0.397889	0.571855	0.524040	0.585342	ǢǐǊǏǗǕǓǉǇǍǈǅǗǊǐǤ
0	0.528383	0.571855	0.537041	0.585342	2
0	0.541368	0.571855	0.580423	0.585342	(TM2),
0	0.584750	0.571855	0.620691	0.585342	Ǚǅǌǅ
0	0.625020	0.571855	0.634363	0.585342	ƥ
0	0.638692	0.571855	0.694915	0.585342	ǖǗǅǗǓǕǅ
0	0.699260	0.571855	0.714466	0.585342	ǓǗ
0	0.718796	0.571855	0.772708	0.585342	ǙǅǌǒǠǚ
0	0.777028	0.571855	0.837613	0.585342	ǑǓǉǘǐǊǎ
0	0.841961	0.571855	0.898413	0.585342	PM22A+
0	0.902722	0.571855	0.911477	0.585342	Ǎ
0	0.147024	0.585712	0.202782	0.599199	PM22A–
0	0.206575	0.585712	0.299276	0.599199	(ǔǊǕǊǑǊǒǒǠǎ
0	0.303035	0.585712	0.331943	0.599199	ǗǓǏ).
0	0.117622	0.613424	0.129515	0.626911	9.
0	0.147023	0.613424	0.195624	0.626911	CM21Ƨ
0	0.199979	0.613424	0.207950	0.626911	–
0	0.212280	0.613424	0.291842	0.626911	ƭǌǑǊǕǊǒǍǊ
0	0.296158	0.613424	0.327270	0.626911	ǗǓǏǅ
0	0.331620	0.613424	0.393533	0.626911	ǗǤǈǓǇǓǈǓ
0	0.397889	0.613424	0.524040	0.626911	ǢǐǊǏǗǕǓǉǇǍǈǅǗǊǐǤ
0	0.528392	0.613424	0.537049	0.626911	2
0	0.541384	0.613424	0.580440	0.626911	(TM2),
0	0.584775	0.613424	0.620716	0.626911	Ǚǅǌǅ
0	0.625052	0.613424	0.634363	0.626911	Ƨ
0	0.638692	0.613424	0.694915	0.626911	ǖǗǅǗǓǕǅ
0	0.699260	0.613424	0.714466	0.626911	ǓǗ
0	0.718812	0.613424	0.772724	0.626911	ǙǅǌǒǠǚ
0	0.777044	0.613424	0.837629	0.626911	ǑǓǉǘǐǊǎ
0	0.841977	0.613424	0.898377	0.626911	PM21Ƨ+
0	0.902722	0.613424	0.911477	0.626911	Ǎ
0	0.147024	0.627281	0.202748	0.640768	PM21Ƨ–
0	0.206542	0.627281	0.299260	0.640768	(ǔǊǕǊǑǊǒǒǠǎ
0	0.303002	0.627281	0.331911	0.640768	ǗǓǏ).
0	0.117622	0.654994	0.138174	0.668481	10.
0	0.147027	0.654994	0.195619	0.668481	CM22Ƨ
0	0.199974	0.654994	0.207945	0.668481	–
0	0.212280	0.654994	0.291842	0.668481	ƭǌǑǊǕǊǒǍǊ
0	0.296158	0.654994	0.327270	0.668481	ǗǓǏǅ
0	0.331620	0.654994	0.393532	0.668481	ǗǤǈǓǇǓǈǓ
0	0.397889	0.654994	0.524040	0.668481	ǢǐǊǏǗǕǓǉǇǍǈǅǗǊǐǤ
0	0.528391	0.654994	0.537049	0.668481	2
0	0.541384	0.654994	0.580440	0.668481	(TM2),
0	0.584775	0.654994	0.620715	0.668481	Ǚǅǌǅ
0	0.625052	0.654994	0.634363	0.668481	Ƨ
0	0.638692	0.654994	0.694915	0.668481	ǖǗǅǗǓǕǅ
0	0.699260	0.654994	0.714465	0.668481	ǓǗ
0	0.718812	0.654994	0.772724	0.668481	ǙǅǌǒǠǚ
0	0.777044	0.654994	0.837629	0.668481	ǑǓǉǘǐǊǎ
0	0.841977	0.654994	0.898377	0.668481	PM22Ƨ+
0	0.902722	0.654994	0.911477	0.668481	Ǎ
0	0.147024	0.668850	0.202747	0.682337	PM22Ƨ–
0	0.206542	0.668850	0.299243	0.682337	(ǔǊǕǊǑǊǒǒǠǎ
0	0.303002	0.668850	0.331911	0.682337	ǗǓǏ).
0	0.117622	0.696563	0.138174	0.710050	11.
0	0.147024	0.696563	0.195805	0.710050	CM21ƶ
0	0.200123	0.696563	0.208094	0.710050	–
0	0.212378	0.696563	0.291940	0.710050	ƭǌǑǊǕǊǒǍǊ
0	0.296240	0.696563	0.327352	0.710050	ǗǓǏǅ
0	0.331653	0.696563	0.393565	0.710050	ǗǤǈǓǇǓǈǓ
0	0.397889	0.696563	0.524040	0.710050	ǢǐǊǏǗǕǓǉǇǍǈǅǗǊǐǤ
0	0.528359	0.696563	0.537016	0.710050	2
0	0.541319	0.696563	0.580374	0.710050	(TM2),
0	0.584657	0.696563	0.620598	0.710050	Ǚǅǌǅ
0	0.624905	0.696563	0.634396	0.710050	ƶ
0	0.638692	0.696563	0.694915	0.710050	ǖǗǅǗǓǕǅ
0	0.699227	0.696563	0.714433	0.710050	ǓǗ
0	0.718730	0.696563	0.772642	0.710050	ǙǅǌǒǠǚ
0	0.776947	0.696563	0.837531	0.710050	ǑǓǉǘǐǊǎ
0	0.841830	0.696563	0.898410	0.710050	PM21ƶ+
0	0.902722	0.696563	0.911477	0.710050	Ǎ
0	0.147024	0.710420	0.202927	0.723907	PM21ƶ–
0	0.206722	0.710420	0.299454	0.723907	(ǔǊǕǊǑǊǒǒǠǎ
0	0.303198	0.710420	0.332107	0.723907	ǗǓǏ).
0	0.117639	0.738133	0.138191	0.751619	12.
0	0.147044	0.738133	0.195815	0.751619	CM22ƶ
0	0.200133	0.738133	0.208104	0.751619	–
0	0.212395	0.738133	0.291957	0.751619	ƭǌǑǊǕǊǒǍǊ
0	0.296256	0.738133	0.327368	0.751619	ǗǓǏǅ
0	0.331669	0.738133	0.393582	0.751619	ǗǤǈǓǇǓǈǓ
0	0.397905	0.738133	0.524056	0.751619	ǢǐǊǏǗǕǓǉǇǍǈǅǗǊǐǤ
0	0.528375	0.738133	0.537032	0.751619	2
0	0.541335	0.738133	0.580391	0.751619	(TM2),
0	0.584674	0.738133	0.620614	0.751619	Ǚǅǌǅ
0	0.624922	0.738133	0.634412	0.751619	ƶ
0	0.638708	0.738133	0.694931	0.751619	ǖǗǅǗǓǕǅ
0	0.699244	0.738133	0.714449	0.751619	ǓǗ
0	0.718747	0.738133	0.772659	0.751619	ǙǅǌǒǠǚ
0	0.776963	0.738133	0.837547	0.751619	ǑǓǉǘǐǊǎ
0	0.841847	0.738133	0.898436	0.751619	PM22ƶ+
0	0.902738	0.738133	0.911494	0.751619	Ǎ
0	0.147041	0.751989	0.202944	0.765476	PM22ƶ–
0	0.206738	0.751989	0.299471	0.765476	(ǔǊǕǊǑǊǒǒǠǎ
0	0.303214	0.751989	0.332123	0.765476	ǗǓǏ).
0	0.117655	0.779702	0.138207	0.793189	13.
0	0.147060	0.779702	0.181482	0.793189	BM1I
0	0.193591	0.779702	0.201562	0.793189	–
0	0.213636	0.779702	0.293198	0.793189	ƭǌǑǊǕǊǒǍǊ
0	0.305289	0.779702	0.336401	0.793189	ǗǓǏǅ
0	0.348510	0.779702	0.474661	0.793189	ǢǐǊǏǗǕǓǉǇǍǈǅǗǊǐǤ
0	0.486757	0.779702	0.495414	0.793189	1
0	0.507510	0.779702	0.559053	0.793189	ǓǆǉǘǇǅ
0	0.571165	0.779702	0.643576	0.793189	ǘǖǗǅǒǓǇǏǍ
0	0.655680	0.779702	0.765398	0.793189	ǉǍǒǅǑǍǜǊǖǏǓǈǓ
0	0.777486	0.779702	0.862033	0.793189	ǌǅǑǊǉǐǊǒǍǤ
0	0.874143	0.779702	0.911523	0.793189	(BM1)
0	0.147057	0.793558	0.235149	0.807045	(ǔǓǖǗǓǤǒǒǠǎ
0	0.238938	0.793558	0.267847	0.807045	ǗǓǏ).
0	0.117655	0.821271	0.138207	0.834758	14.
0	0.147060	0.821271	0.181482	0.834758	BM2I
0	0.193591	0.821271	0.201562	0.834758	–
0	0.213636	0.821271	0.293198	0.834758	ƭǌǑǊǕǊǒǍǊ
0	0.305289	0.821271	0.336401	0.834758	ǗǓǏǅ
0	0.348510	0.821271	0.474661	0.834758	ǢǐǊǏǗǕǓǉǇǍǈǅǗǊǐǤ
0	0.486757	0.821271	0.495414	0.834758	2
0	0.507510	0.821271	0.559053	0.834758	ǓǆǉǘǇǅ
0	0.571165	0.821271	0.643576	0.834758	ǘǖǗǅǒǓǇǏǍ
0	0.655663	0.821271	0.765382	0.834758	ǉǍǒǅǑǍǜǊǖǏǓǈǓ
0	0.777469	0.821271	0.862016	0.834758	ǌǅǑǊǉǐǊǒǍǤ
0	0.874127	0.821271	0.911507	0.834758	(BM2)
0	0.147041	0.835128	0.235132	0.848614	(ǔǓǖǗǓǤǒǒǠǎ
0	0.238922	0.835128	0.267828	0.848614	ǗǓǏ),
0	0.271614	0.835128	0.363022	0.848614	ǔǕǍǑǊǒǤǊǗǖǤ
0	0.366805	0.835128	0.412974	0.848614	ǗǓǐǡǏǓ
0	0.416788	0.835128	0.440943	0.848614	ǉǐǤ
0	0.444731	0.835128	0.492379	0.848614	ǝǏǅǙǅ
0	0.496169	0.835128	0.579440	0.848614	ǘǔǕǅǇǐǊǒǍǤ
0	0.583222	0.835128	0.646276	0.848614	17KG535
0	0.650028	0.835128	0.657901	0.848614	ǖ
0	0.661691	0.835128	0.704748	0.848614	ǉǇǘǑǤ
0	0.708538	0.835128	0.798965	0.848614	ǉǇǍǈǅǗǊǐǤǑǍ
0	0.802755	0.835128	0.892301	0.848614	ǒǅǈǒǊǗǅǗǊǐǤ.
0	0.117639	0.862840	0.138191	0.876327	15.
0	0.146992	0.862839	0.186314	0.876326	CMAF
0	0.190107	0.862839	0.277632	0.876326	–ƭǌǑǊǕǊǒǍǊ
0	0.281392	0.862839	0.312504	0.876326	ǗǓǏǅ
0	0.316292	0.862839	0.350861	0.876326	ǛǊǔǍ
0	0.354652	0.862839	0.448102	0.876326	ǇǓǌǆǘǋǉǊǒǍǤ
0	0.451891	0.862839	0.534640	0.876326	ǈǊǒǊǕǅǗǓǕǅ
0	0.538400	0.862839	0.626507	0.876326	(ǔǓǖǗǓǤǒǒǠǎ
0	0.630296	0.862839	0.655969	0.876326	ǗǓǏ)
0	0.659762	0.862839	0.675735	0.876326	Ǎǌ
0	0.679525	0.862839	0.716660	0.876326	AFSE.
1	0.088477	0.116395	0.133060	0.129883	ƴǓǍǖǏ
1	0.136767	0.116395	0.145988	0.129883	Ǎ
1	0.149704	0.116395	0.234357	0.129883	ǘǖǗǕǅǒǊǒǍǊ
1	0.238092	0.116395	0.357435	0.129883	ǒǊǍǖǔǕǅǇǒǓǖǗǊǎ
1	0.361167	0.116395	0.411199	0.129883	ǝǏǅǙǅ
1	0.414905	0.116395	0.501063	0.129883	ǘǔǕǅǇǐǊǒǍǤ
1	0.504799	0.116395	0.521271	0.129883	ǖǓ
1	0.524980	0.116395	0.607215	0.129883	ǖǉǇǓǊǒǒǠǑ
1	0.610600	0.116395	0.643225	0.129883	IGBT
1	0.647268	0.116395	0.734547	0.129883	ǍǒǇǊǕǗǊǕǓǑ
1	0.737975	0.116395	0.800209	0.129883	17KG535
1	0.804209	0.116395	0.813430	0.129883	Ǎ
1	0.817144	0.116395	0.879379	0.129883	17KG537
1	0.088206	0.139998	0.108758	0.153485	16.
1	0.117611	0.139998	0.147343	0.153485	CMT
1	0.151136	0.139998	0.159107	0.153485	–
1	0.166677	0.139998	0.246239	0.153485	ƭǌǑǊǕǊǒǍǊ
1	0.249999	0.139998	0.281111	0.153485	ǗǓǏǅ
1	0.284899	0.139998	0.357829	0.153485	ǗǕǊǗǍǜǒǓǎ
1	0.361612	0.139998	0.420406	0.153485	ǓǆǑǓǗǏǍ
1	0.424222	0.139998	0.506971	0.153485	ǈǊǒǊǕǅǗǓǕǅ
1	0.510731	0.139998	0.603462	0.153485	(ǔǊǕǊǑǊǒǒǠǎ
1	0.607217	0.139998	0.632890	0.153485	ǗǓǏ)
1	0.636683	0.139998	0.644801	0.153485	Ǉ
1	0.648592	0.139998	0.685727	0.153485	AFSE.
1	0.088206	0.167711	0.108758	0.181197	17.
1	0.117611	0.167711	0.153243	0.181197	LINKI
1	0.159746	0.167711	0.167717	0.181197	–
1	0.174207	0.167711	0.253769	0.181197	ƭǌǑǊǕǊǒǍǊ
1	0.260257	0.167711	0.291369	0.181197	ǗǓǏǅ
1	0.297891	0.167711	0.339044	0.181197	ǌǇǊǒǅ
1	0.345539	0.167711	0.435068	0.181197	ǔǓǖǗǓǤǒǒǓǈǓ
1	0.441569	0.167711	0.472682	0.181197	ǗǓǏǅ
1	0.479179	0.167711	0.499124	0.181197	DC
1	0.505623	0.167711	0.533131	0.181197	Link
1	0.539630	0.167711	0.580646	0.181197	ǔǓǖǐǊ
1	0.587158	0.167711	0.679938	0.181197	ǇǠǔǕǤǑǍǗǊǐǤ
1	0.686438	0.167711	0.724040	0.181197	(RMA,
1	0.730539	0.167711	0.761411	0.181197	RMB
1	0.767932	0.167711	0.776687	0.181197	Ǎ
1	0.783188	0.167711	0.814234	0.181197	RMC
1	0.820731	0.167711	0.828850	0.181197	Ǉ
1	0.835361	0.167711	0.882061	0.181197	ǝǏǅǙǘ
1	0.117608	0.181567	0.200879	0.195054	ǘǔǕǅǇǐǊǒǍǤ
1	0.204656	0.181567	0.271165	0.195054	17KG535)
1	0.274909	0.181567	0.299881	0.195054	ǍǐǍ
1	0.303669	0.181567	0.354298	0.195054	ǔǅǒǊǐǍ
1	0.358084	0.181567	0.450864	0.195054	ǇǠǔǕǤǑǍǗǊǐǤ
1	0.454655	0.181567	0.477654	0.195054	(RD
1	0.481445	0.181567	0.489563	0.195054	Ǉ
1	0.493353	0.181567	0.540053	0.195054	ǝǏǅǙǘ
1	0.543843	0.181567	0.627114	0.195054	ǘǔǕǅǇǐǊǒǍǤ
1	0.630887	0.181567	0.697396	0.195054	17KG537)
1	0.701189	0.181567	0.789232	0.195054	(ǔǓǖǗǓǤǒǒǠǎ
1	0.793022	0.181567	0.821930	0.195054	ǗǓǏ).
1	0.088189	0.209280	0.151443	0.222767	ƴǕǓǇǓǉǅ
1	0.165288	0.209280	0.248560	0.222767	ǘǔǕǅǇǐǊǒǍǤ
1	0.262380	0.209280	0.365075	0.222767	ǔǓǉǏǐǣǜǅǣǗǖǤ
1	0.378910	0.209280	0.385918	0.222767	Ǐ
1	0.399753	0.209280	0.463572	0.222767	ǇǠǇǓǉǅǑ
1	0.477391	0.209280	0.537616	0.222767	ǉǅǗǜǍǏǅ,
1	0.551451	0.209280	0.661562	0.222767	ǍǌǑǊǕǍǗǊǐǡǒǠǎ
1	0.675404	0.209280	0.698035	0.222767	(Ʊ),
1	0.711872	0.209280	0.830036	0.222767	ǔǓǐǓǋǍǗǊǐǡǒǓǑǘ
1	0.843876	0.209280	0.859462	0.222767	(+)
1	0.873306	0.209280	0.882061	0.222767	Ǎ
1	0.088206	0.223136	0.204426	0.236623	ǓǗǕǍǛǅǗǊǐǡǒǓǑǘ
1	0.209104	0.223136	0.225144	0.236623	(-).
1	0.229822	0.223136	0.342040	0.236623	ƴǓǐǓǋǍǗǊǐǡǒǠǊ
1	0.346712	0.223136	0.364030	0.236623	24
1	0.368685	0.223136	0.377996	0.236623	Ƨ
1	0.382700	0.223136	0.472229	0.236623	ǔǓǖǗǓǤǒǒǓǈǓ
1	0.476901	0.223136	0.508013	0.236623	ǗǓǏǅ
1	0.512690	0.223136	0.615384	0.236623	ǔǓǉǏǐǣǜǅǣǗǖǤ
1	0.620056	0.223136	0.627063	0.236623	Ǐ
1	0.636423	0.223136	0.688996	0.236623	ǇǠǇǓǉǘ
1	0.693674	0.223136	0.702331	0.236623	+
1	0.707021	0.223136	0.767246	0.236623	ǉǅǗǜǍǏǅ.
1	0.771918	0.223136	0.882061	0.236623	ƳǗǕǍǛǅǗǊǐǡǒǠǊ
1	0.088206	0.236993	0.105524	0.250480	24
1	0.115223	0.236993	0.124534	0.250480	Ƨ
1	0.134236	0.236993	0.223766	0.250480	ǔǓǖǗǓǤǒǒǓǈǓ
1	0.233468	0.236993	0.264580	0.250480	ǗǓǏǅ
1	0.274288	0.236993	0.376983	0.250480	ǔǓǉǏǐǣǜǅǣǗǖǤ
1	0.386686	0.236993	0.393693	0.250480	Ǐ
1	0.403396	0.236993	0.455968	0.250480	ǇǠǇǓǉǘ
1	0.465661	0.236993	0.471541	0.250480	-
1	0.481246	0.236993	0.541471	0.250480	ǉǅǗǜǍǏǅ.
1	0.551174	0.236993	0.596567	0.250480	ƧǠǚǓǉ
1	0.606270	0.236993	0.663261	0.250480	ǉǅǗǜǍǏǅ
1	0.672963	0.236993	0.704076	0.250480	ǗǓǏǅ
1	0.713783	0.236993	0.721901	0.250480	Ǉ
1	0.731604	0.236993	0.789111	0.250480	ǖǍǖǗǊǑǘ
1	0.798804	0.236993	0.882076	0.250480	ǘǔǕǅǇǐǊǒǍǤ
1	0.088206	0.250849	0.201191	0.264336	ǓǖǘǞǊǖǗǇǐǤǊǗǖǤ
1	0.204981	0.250849	0.245700	0.264336	ǜǊǕǊǌ
1	0.249460	0.250849	0.294079	0.264336	ǇǠǇǓǉ
1	0.297867	0.250849	0.313581	0.264336	Ʊ.
2	0.804862	0.103163	0.911461	0.116649	GET-6903A_RU
2	0.120058	0.117019	0.164639	0.130506	ƴǓǍǖǏ
2	0.168353	0.117019	0.177574	0.130506	Ǎ
2	0.181287	0.117019	0.265938	0.130506	ǘǖǗǕǅǒǊǒǍǊ
2	0.269666	0.117019	0.389003	0.130506	ǒǊǍǖǔǕǅǇǒǓǖǗǊǎ
2	0.392717	0.117019	0.442741	0.130506	ǝǏǅǙǅ
2	0.446455	0.117019	0.532610	0.130506	ǘǔǕǅǇǐǊǒǍǤ
2	0.536354	0.117019	0.552826	0.130506	ǖǓ
2	0.556540	0.117019	0.638771	0.130506	ǖǉǇǓǊǒǒǠǑ
2	0.641957	0.117019	0.674581	0.130506	IGBT
2	0.678823	0.117019	0.766098	0.130506	ǍǒǇǊǕǗǊǕǓǑ
2	0.769317	0.117019	0.831549	0.130506	17KG535
2	0.835762	0.117019	0.844982	0.130506	Ǎ
2	0.848696	0.117019	0.910928	0.130506	17KG537
2	0.758850	0.231840	0.818882	0.241077	ИНВЕТРОР
2	0.776792	0.242925	0.788761	0.252162	№
2	0.791532	0.242925	0.800940	0.252162	1,
2	0.754537	0.254010	0.793139	0.263248	ПЛАТА
2	0.795909	0.254010	0.823195	0.263248	ТМС,
2	0.765357	0.265095	0.796197	0.274333	СЛОТ
2	0.798967	0.265095	0.812375	0.274333	11
2	0.761502	0.327671	0.821535	0.336909	ИНВЕТРОР
2	0.779444	0.338756	0.791414	0.347994	№
2	0.794185	0.338756	0.803593	0.347994	1,
2	0.757190	0.349841	0.795792	0.359079	ПЛАТА
2	0.798562	0.349841	0.825847	0.359079	ТМС,
2	0.766625	0.360927	0.797464	0.370164	СЛОТ
2	0.800235	0.360927	0.813642	0.370164	11
2	0.761502	0.422024	0.821535	0.431262	ИНВЕТРОР
2	0.779444	0.433109	0.791414	0.442347	№
2	0.794185	0.433109	0.803593	0.442347	1,
2	0.757190	0.444195	0.795792	0.453432	ПЛАТА
2	0.798562	0.444195	0.825847	0.453432	ТМС,
2	0.766625	0.455280	0.797464	0.464517	СЛОТ
2	0.800235	0.455280	0.813642	0.464517	11
2	0.761502	0.523195	0.821535	0.532433	ИНВЕТРОР
2	0.779444	0.534280	0.791414	0.543518	№
2	0.794185	0.534280	0.803593	0.543518	1,
2	0.757190	0.545365	0.795792	0.554603	ПЛАТА
2	0.798562	0.545365	0.825847	0.554603	ТМС,
2	0.766625	0.556451	0.797464	0.565688	СЛОТ
2	0.800235	0.556451	0.813642	0.565688	11
2	0.228618	0.564894	0.267442	0.574344	ʚʖʨʭʞʠ
2	0.270213	0.564894	0.295315	0.574344	ʨʤʠʖ
2	0.298086	0.564894	0.311519	0.574344	ʣʖ
2	0.343875	0.564894	0.381274	0.574344	ɶʢʥʛʦ
2	0.384044	0.564450	0.405123	0.573688	(P2)
2	0.760405	0.617382	0.820437	0.626620	ИНВЕТРОР
2	0.778347	0.628467	0.790317	0.637705	№
2	0.793087	0.628467	0.802496	0.637705	1,
2	0.756092	0.639552	0.794694	0.648790	ПЛАТА
2	0.797465	0.639552	0.824750	0.648790	ТМС,
2	0.765527	0.650638	0.796367	0.659875	СЛОТ
2	0.799137	0.650638	0.812545	0.659875	11
2	0.760405	0.716742	0.820437	0.725980	ИНВЕТРОР
2	0.778347	0.727827	0.790317	0.737065	№
2	0.793087	0.727827	0.802496	0.737065	1,
2	0.756092	0.738913	0.794694	0.748150	ПЛАТА
2	0.797465	0.738913	0.824750	0.748150	ТМС,
2	0.765527	0.749998	0.796367	0.759235	СЛОТ
2	0.799137	0.749998	0.812545	0.759235	11
2	0.864450	0.845883	0.898889	0.852811	E-60168
2	0.284055	0.861684	0.309044	0.875171	ƵǍǖ
2	0.312833	0.861684	0.333385	0.875171	15.
2	0.340964	0.861684	0.406106	0.875171	ƩǅǗǜǍǏǍ
2	0.409896	0.861684	0.447862	0.875171	ǗǓǏǅ
2	0.451653	0.861684	0.476005	0.875171	ǉǐǤ
2	0.479793	0.861684	0.549291	0.875171	ǗǤǈǓǇǓǈǓ
2	0.553051	0.861684	0.693021	0.875171	ǢǐǊǏǗǕǓǉǇǍǈǅǗǊǐǤ
2	0.696796	0.861684	0.705453	0.875171	1
2	0.709246	0.861684	0.744993	0.875171	(TM1)
3	0.088477	0.102539	0.195076	0.116026	GET-6903A_RU
3	0.088477	0.116395	0.133058	0.129882	ƴǓǍǖǏ
3	0.136772	0.116395	0.145993	0.129882	Ǎ
3	0.149706	0.116395	0.234357	0.129882	ǘǖǗǕǅǒǊǒǍǊ
3	0.238085	0.116395	0.357422	0.129882	ǒǊǍǖǔǕǅǇǒǓǖǗǊǎ
3	0.361136	0.116395	0.411167	0.129882	ǝǏǅǙǅ
3	0.414890	0.116395	0.501045	0.129882	ǘǔǕǅǇǐǊǒǍǤ
3	0.504773	0.116395	0.521245	0.129882	ǖǓ
3	0.524959	0.116395	0.607190	0.129882	ǖǉǇǓǊǒǒǠǑ
3	0.610568	0.116395	0.643192	0.129882	IGBT
3	0.647242	0.116395	0.734517	0.129882	ǍǒǇǊǕǗǊǕǓǑ
3	0.737944	0.116395	0.800176	0.129882	17KG535
3	0.804181	0.116395	0.813402	0.129882	Ǎ
3	0.817115	0.116395	0.879347	0.129882	17KG537
3	0.735371	0.218800	0.795404	0.228038	ИНВЕТРОР
3	0.753313	0.229885	0.765283	0.239123	№
3	0.768054	0.229885	0.777462	0.239123	2,
3	0.731059	0.240970	0.769661	0.250208	ПЛАТА
3	0.772431	0.240970	0.799716	0.250208	ТМС,
3	0.740494	0.252056	0.771333	0.261293	СЛОТ
3	0.774104	0.252056	0.787511	0.261293	12
3	0.735371	0.320503	0.795404	0.329741	ИНВЕТРОР
3	0.753313	0.331588	0.765283	0.340826	№
3	0.768054	0.331588	0.777462	0.340826	2,
3	0.731059	0.342674	0.769661	0.351911	ПЛАТА
3	0.772431	0.342674	0.799716	0.351911	ТМС,
3	0.740494	0.353759	0.771333	0.362996	СЛОТ
3	0.774104	0.353759	0.787511	0.362996	12
3	0.735371	0.423674	0.795404	0.432912	ИНВЕТРОР
3	0.753313	0.434760	0.765283	0.443997	№
3	0.768054	0.434760	0.777462	0.443997	2,
3	0.731059	0.445845	0.769661	0.455082	ПЛАТА
3	0.772431	0.445845	0.799716	0.455082	ТМС,
3	0.740494	0.456930	0.771333	0.466168	СЛОТ
3	0.774104	0.456930	0.787511	0.466168	12
3	0.735371	0.521732	0.795404	0.530969	ИНВЕТРОР
3	0.753313	0.532817	0.765283	0.542054	№
3	0.768054	0.532817	0.777462	0.542054	2,
3	0.731059	0.543902	0.769661	0.553140	ПЛАТА
3	0.772431	0.543902	0.799716	0.553140	ТМС,
3	0.740494	0.554987	0.771333	0.564225	СЛОТ
3	0.774104	0.554987	0.787511	0.564225	12
3	0.198379	0.565879	0.237203	0.575330	ʚʖʨʭʞʠ
3	0.239973	0.565879	0.265076	0.575330	ʨʤʠʖ
3	0.267846	0.565879	0.281280	0.575330	ʣʖ
3	0.313635	0.565879	0.351035	0.575330	ɶʢʥʛʦ
3	0.353805	0.565436	0.374883	0.574674	(P2)
3	0.735371	0.619432	0.795404	0.628669	ИНВЕТРОР
3	0.754659	0.630517	0.766629	0.639754	№
3	0.769399	0.630517	0.776103	0.639754	2
3	0.731059	0.641602	0.769661	0.650839	ПЛАТА
3	0.772431	0.641602	0.799716	0.650839	ТМС,
3	0.741879	0.652687	0.772719	0.661925	СЛОТ
3	0.775489	0.652687	0.788896	0.661925	12
3	0.735371	0.719680	0.795404	0.728917	ИНВЕТРОР
3	0.753313	0.730765	0.765283	0.740003	№
3	0.768054	0.730765	0.777462	0.740003	2,
3	0.731059	0.741850	0.769661	0.751088	ПЛАТА
3	0.772431	0.741850	0.799716	0.751088	ТМС,
3	0.740494	0.752935	0.771333	0.762173	СЛОТ
3	0.774104	0.752935	0.787511	0.762173	12
3	0.835048	0.845883	0.869487	0.852811	E-60169
3	0.254654	0.861684	0.279643	0.875171	ƵǍǖ
3	0.283432	0.861684	0.303984	0.875171	16.
3	0.311564	0.861684	0.376705	0.875171	ƩǅǗǜǍǏǍ
3	0.380495	0.861684	0.418461	0.875171	ǗǓǏǅ
3	0.422252	0.861684	0.446604	0.875171	ǉǐǤ
3	0.450392	0.861684	0.519890	0.875171	ǗǤǈǓǇǓǈǓ
3	0.523650	0.861684	0.663620	0.875171	ǢǐǊǏǗǕǓǉǇǍǈǅǗǊǐǤ
3	0.667395	0.861684	0.676052	0.875171	2
3	0.679845	0.861684	0.715592	0.875171	(TM2)
4	0.804862	0.103163	0.911461	0.116649	GET-6903A_RU
4	0.120058	0.117019	0.164639	0.130506	ƴǓǍǖǏ
4	0.168353	0.117019	0.177574	0.130506	Ǎ
4	0.181287	0.117019	0.265938	0.130506	ǘǖǗǕǅǒǊǒǍǊ
4	0.269666	0.117019	0.389003	0.130506	ǒǊǍǖǔǕǅǇǒǓǖǗǊǎ
4	0.392717	0.117019	0.442741	0.130506	ǝǏǅǙǅ
4	0.446455	0.117019	0.532610	0.130506	ǘǔǕǅǇǐǊǒǍǤ
4	0.536354	0.117019	0.552826	0.130506	ǖǓ
4	0.556540	0.117019	0.638771	0.130506	ǖǉǇǓǊǒǒǠǑ
4	0.641957	0.117019	0.674581	0.130506	IGBT
4	0.678823	0.117019	0.766098	0.130506	ǍǒǇǊǕǗǊǕǓǑ
4	0.769317	0.117019	0.831549	0.130506	17KG535
4	0.835762	0.117019	0.844982	0.130506	Ǎ
4	0.848696	0.117019	0.910928	0.130506	17KG537
4	0.783808	0.214941	0.804431	0.224019	PSC
4	0.771780	0.225834	0.819183	0.234912	ANALOG
4	0.767835	0.236727	0.770906	0.245805	I
4	0.773631	0.236727	0.778038	0.245805	/
4	0.780762	0.236727	0.789616	0.245805	O
4	0.792340	0.236727	0.823128	0.245805	CARD
4	0.775661	0.247620	0.805986	0.256698	СЛОТ
4	0.808710	0.247620	0.815302	0.256698	6
4	0.783808	0.308258	0.804431	0.317336	PSC
4	0.771780	0.319151	0.819183	0.328229	ANALOG
4	0.767835	0.330044	0.770906	0.339122	I
4	0.773631	0.330044	0.778038	0.339122	/
4	0.780762	0.330044	0.789616	0.339122	O
4	0.792340	0.330044	0.823128	0.339122	CARD
4	0.775661	0.340937	0.805986	0.350015	СЛОТ
4	0.808710	0.340937	0.815302	0.350015	6
4	0.783808	0.409155	0.804431	0.418233	PSC
4	0.771780	0.420048	0.819183	0.429126	ANALOG
4	0.767835	0.430941	0.770906	0.440019	I
4	0.773631	0.430941	0.778038	0.440019	/
4	0.780762	0.430941	0.789616	0.440019	O
4	0.792340	0.430941	0.823128	0.440019	CARD
4	0.775661	0.441834	0.805986	0.450912	СЛОТ
4	0.808710	0.441834	0.815302	0.450912	6
4	0.248080	0.449049	0.286254	0.458335	ʚʖʨʭʞʠ
4	0.288978	0.449049	0.313661	0.458335	ʨʤʠʖ
4	0.316385	0.449049	0.329593	0.458335	ʣʖ
4	0.361407	0.449049	0.398181	0.458335	ɶʢʥʛʦ
4	0.400905	0.448613	0.421630	0.457690	(P2)
4	0.783808	0.498869	0.804431	0.507946	PSC
4	0.771780	0.509762	0.819183	0.518839	ANALOG
4	0.767835	0.520655	0.770906	0.529732	I
4	0.773631	0.520655	0.778038	0.529732	/
4	0.780762	0.520655	0.789616	0.529732	O
4	0.792340	0.520655	0.823128	0.529732	CARD
4	0.775661	0.531548	0.805986	0.540625	СЛОТ
4	0.808710	0.531548	0.815302	0.540625	6
4	0.783808	0.653904	0.804431	0.662982	PSC
4	0.771780	0.664797	0.819183	0.673875	ANALOG
4	0.767835	0.675690	0.770906	0.684768	I
4	0.773631	0.675690	0.778038	0.684768	/
4	0.780762	0.675690	0.789616	0.684768	O
4	0.792340	0.675690	0.823128	0.684768	CARD
4	0.775661	0.686583	0.805986	0.695661	СЛОТ
4	0.808710	0.686583	0.815302	0.695661	6
4	0.266326	0.782459	0.305784	0.791745	ɺʖʨʭʞʠ
4	0.308508	0.782459	0.333191	0.791745	ʨʤʠʖ
4	0.335915	0.782459	0.349124	0.791745	ʣʖ
4	0.380937	0.782459	0.417711	0.791745	ɶʢʥʛʦ
4	0.420435	0.782023	0.441160	0.791100	(P7)
4	0.859138	0.835299	0.893003	0.842108	E-60170
4	0.153527	0.850138	0.178516	0.863625	ƵǍǖ
4	0.182305	0.850138	0.202857	0.863625	17.
4	0.210436	0.850138	0.275578	0.863625	ƩǅǗǜǍǏǍ
4	0.279368	0.850138	0.317334	0.863625	ǗǓǏǅ
4	0.321125	0.850138	0.470047	0.863625	ǢǐǊǏǗǕǓǉǇǍǈǅǗǊǐǊǎ
4	0.473797	0.850138	0.524417	0.863625	ǓǆǉǘǇǅ
4	0.528207	0.850138	0.606955	0.863625	ǘǖǗǅǒǓǇǏǍ
4	0.610745	0.850138	0.719892	0.863625	ǉǍǒǅǑǍǜǊǖǏǓǈǓ
4	0.723681	0.850138	0.810924	0.863625	ǌǅǑǊǉǐǊǒǍǤ,
4	0.814707	0.850138	0.862998	0.863625	ǕǓǗǓǕ
4	0.866788	0.850138	0.875527	0.863625	Ǎ
4	0.267035	0.863994	0.352481	0.877481	ǗǕǊǗǍǜǒǅǤ
4	0.356270	0.863994	0.422075	0.877481	ǓǆǑǓǗǏǅ
4	0.425839	0.863994	0.518063	0.877481	ǈǊǒǊǕǅǗǓǕǅ,
4	0.521846	0.863994	0.562153	0.877481	ǌǇǊǒǓ
4	0.565941	0.863994	0.662331	0.877481	ǔǓǖǗǓǤǒǒǓǈǓ
4	0.666120	0.863994	0.704087	0.877481	ǗǓǏǅ
4	0.707880	0.863994	0.727563	0.877481	DC
4	0.731354	0.863994	0.762030	0.877481	Link.
5	0.087882	0.102452	0.194481	0.115939	GET-6903A_RU
5	0.087882	0.115090	0.132464	0.128577	ƴǓǍǖǏ
5	0.136178	0.115090	0.145398	0.128577	Ǎ
5	0.149112	0.115090	0.233762	0.128577	ǘǖǗǕǅǒǊǒǍǊ
5	0.237490	0.115090	0.356828	0.128577	ǒǊǍǖǔǕǅǇǒǓǖǗǊǎ
5	0.360541	0.115090	0.410565	0.128577	ǝǏǅǙǅ
5	0.414295	0.115090	0.500450	0.128577	ǘǔǕǅǇǐǊǒǍǤ
5	0.504194	0.115090	0.520666	0.128577	ǖǓ
5	0.524380	0.115090	0.606612	0.128577	ǖǉǇǓǊǒǒǠǑ
5	0.609989	0.115090	0.642613	0.128577	IGBT
5	0.646663	0.115090	0.733938	0.128577	ǍǒǇǊǕǗǊǕǓǑ
5	0.737366	0.115090	0.799597	0.128577	17KG535
5	0.803602	0.115090	0.812823	0.128577	Ǎ
5	0.816537	0.115090	0.878768	0.128577	17KG537
5	0.087882	0.140033	0.148347	0.156217	4.3.4.1.
5	0.152880	0.140033	0.239989	0.156217	ƴǕǓǇǊǕǏǍ
5	0.244536	0.140033	0.327215	0.156217	ǉǅǗǜǍǏǓǇ
5	0.331762	0.140033	0.371480	0.156217	ǗǓǏǅ
5	0.376030	0.140033	0.386066	0.156217	Ǉ
5	0.390613	0.140033	0.442694	0.156217	ǖǚǊǑǊ
5	0.088206	0.170020	0.161139	0.183507	ƸǆǊǉǍǗǡǖǤ
5	0.164929	0.170020	0.173047	0.183507	Ǉ
5	0.176837	0.170020	0.202335	0.183507	ǗǓǑ
5	0.209359	0.170020	0.232521	0.183507	ǜǗǓ
5	0.236310	0.170020	0.260616	0.183507	ǇǖǊ
5	0.264406	0.170020	0.348267	0.183507	ǙǍǌǍǜǊǖǏǍǊ
5	0.352057	0.170020	0.431736	0.183507	ǔǕǓǇǓǉǒǠǊ
5	0.435526	0.170020	0.520187	0.183507	ǖǓǊǉǍǒǊǒǍǤ
5	0.523977	0.170020	0.586440	0.183507	ǒǅǉǊǋǒǓ
5	0.590229	0.170020	0.674123	0.183507	ǌǅǏǕǊǔǐǊǒǠ
5	0.677913	0.170020	0.695407	0.183507	ǒǅ
5	0.699196	0.170020	0.824482	0.183507	ǖǓǓǗǇǊǗǖǗǇǘǣǞǍǚ
5	0.828271	0.170020	0.880542	0.183507	ǏǐǊǑǑǅ
5	0.088206	0.183877	0.097451	0.197364	©
5	0.106108	0.183877	0.115354	0.197364	ª
5	0.122378	0.183877	0.131623	0.197364	©
5	0.137503	0.183877	0.146749	0.197364	ª
5	0.150538	0.183877	0.159293	0.197364	Ǎ
5	0.163083	0.183877	0.194053	0.197364	©Ʊª
5	0.197843	0.183877	0.254834	0.197364	ǉǅǗǜǍǏǅ
5	0.258623	0.183877	0.289741	0.197364	ǗǓǏǅ
5	0.296764	0.183877	0.305520	0.197364	Ǎ
5	0.309309	0.183877	0.363262	0.197364	ǏǐǊǑǑǠ
5	0.367052	0.183877	0.383958	0.197364	ǒǊ
5	0.387747	0.183877	0.515908	0.197364	ǔǕǓǇǓǕǅǜǍǇǅǣǗǖǤ
5	0.519697	0.183877	0.616201	0.197364	ǓǗǒǓǖǍǗǊǐǡǒǓ
5	0.619991	0.183877	0.677994	0.197364	ǏǓǕǔǘǖǅ
5	0.681784	0.183877	0.738775	0.197364	ǉǅǗǜǍǏǅ
5	0.088206	0.211590	0.113609	0.225076	ƩǐǤ
5	0.122345	0.211590	0.182439	0.225076	ǆǠǖǗǕǓǎ
5	0.191195	0.211590	0.258558	0.225076	ǔǕǓǇǊǕǏǍ
5	0.267313	0.211590	0.324304	0.225076	ǉǅǗǜǍǏǅ
5	0.333043	0.211590	0.364155	0.225076	ǗǓǏǅ
5	0.372916	0.211590	0.390411	0.225076	ǒǅ
5	0.399149	0.211590	0.457887	0.225076	ǒǅǐǍǜǍǊ
5	0.466643	0.211590	0.491615	0.225076	ǍǐǍ
5	0.500357	0.211590	0.577325	0.225076	ǓǗǖǘǗǖǗǇǍǊ
5	0.586080	0.211590	0.649414	0.225076	ǏǓǕǓǗǏǍǚ
5	0.658164	0.211590	0.737174	0.225076	ǌǅǑǠǏǅǒǍǎ
5	0.745929	0.211590	0.795390	0.225076	ǔǓǉǅǗǡ
5	0.804129	0.211590	0.862476	0.225076	ǔǍǗǅǒǍǊ
5	0.866853	0.211590	0.882059	0.225076	ǓǗ
5	0.088206	0.225446	0.148343	0.238933	ǖǍǖǗǊǑǠ
5	0.152123	0.225446	0.235394	0.238933	ǘǔǕǅǇǐǊǒǍǤ
5	0.239169	0.225446	0.247924	0.238933	Ǎ
5	0.251714	0.225446	0.318114	0.238933	ǍǌǑǊǕǍǗǡ
5	0.321903	0.225446	0.402919	0.238933	ǖǐǊǉǘǣǞǊǊ
5	0.406679	0.225446	0.424175	0.238933	ǒǅ
5	0.427966	0.225446	0.487940	0.238933	ǏǐǊǑǑǅǚ
5	0.491716	0.225446	0.548707	0.238933	ǉǅǗǜǍǏǅ
5	0.552497	0.225446	0.586842	0.238933	ǗǓǏǅ:
5	0.222926	0.250846	0.285951	0.264333	ƷǅǆǐǍǛǅ
5	0.289752	0.250846	0.302346	0.264333	8.
5	0.306137	0.250846	0.378401	0.264333	ƴǕǓǇǊǕǏǅ
5	0.382191	0.250846	0.451089	0.264333	ǉǅǗǜǍǏǓǇ
5	0.454879	0.250846	0.487977	0.264333	ǗǓǏǅ
5	0.491769	0.250846	0.510098	0.264333	ǒǅ
5	0.513889	0.250846	0.576424	0.264333	ǒǅǐǍǜǍǊ
5	0.580226	0.250846	0.647312	0.264333	ǏǓǕǓǗǏǍǚ
5	0.651102	0.250846	0.735502	0.264333	ǌǅǑǠǏǅǒǍǎ
5	0.153145	0.275095	0.212701	0.288581	ƯǐǊǑǑǠ
5	0.321831	0.275095	0.423269	0.288581	ƲǓǑǍǒǅǐǡǒǓǊ
5	0.498325	0.272785	0.551813	0.286272	ƲǍǌǏǓǊ
5	0.555594	0.272785	0.625914	0.286272	ǌǒǅǜǊǒǍǊ
5	0.683134	0.275095	0.746168	0.288581	ƧǠǖǓǏǓǊ
5	0.749958	0.275095	0.820278	0.288581	ǌǒǅǜǊǒǍǊ
5	0.093116	0.295879	0.108322	0.309366	ǓǗ
5	0.112131	0.295879	0.139282	0.309366	«+»
5	0.143067	0.295879	0.160868	0.309366	ǉǓ
5	0.164656	0.295879	0.189034	0.309366	«-»
5	0.316256	0.295882	0.342234	0.309369	+48
5	0.345984	0.295882	0.355295	0.309369	Ƨ
5	0.359085	0.295882	0.393998	0.309369	ǔǓǖǗ.
5	0.397781	0.295882	0.428893	0.309369	ǗǓǏǅ
5	0.510129	0.295882	0.527447	0.309369	42
5	0.531234	0.295882	0.540544	0.309369	Ƨ
5	0.544334	0.295882	0.579247	0.309369	ǔǓǖǗ.
5	0.583030	0.295882	0.614142	0.309369	ǗǓǏǅ
5	0.699724	0.295882	0.717041	0.309369	54
5	0.720828	0.295882	0.730138	0.309369	Ƨ
5	0.733928	0.295882	0.768841	0.309369	ǔǓǖǗ.
5	0.772624	0.295882	0.803736	0.309369	ǗǓǏǅ
5	0.093160	0.314357	0.108365	0.327844	ǓǗ
5	0.112155	0.314357	0.139306	0.327844	«+»
5	0.143094	0.314357	0.160895	0.327844	ǉǓ
5	0.164683	0.314357	0.195657	0.327844	«M»
5	0.316272	0.314357	0.342247	0.327844	+24
5	0.346017	0.314357	0.355328	0.327844	Ƨ
5	0.359117	0.314357	0.394031	0.327844	ǔǓǖǗ.
5	0.397814	0.314357	0.428926	0.327844	ǗǓǏǅ
5	0.510162	0.314357	0.527480	0.327844	21
5	0.531250	0.314357	0.540561	0.327844	Ƨ
5	0.544350	0.314357	0.579263	0.327844	ǔǓǖǗ.
5	0.583046	0.314357	0.614159	0.327844	ǗǓǏǅ
5	0.699740	0.314357	0.717058	0.327844	27
5	0.720844	0.314357	0.730155	0.327844	Ƨ
5	0.733944	0.314357	0.768857	0.327844	ǔǓǖǗ.
5	0.772640	0.314357	0.803753	0.327844	ǗǓǏǅ
5	0.093176	0.332832	0.108382	0.346319	ǓǗ
5	0.112171	0.332832	0.143143	0.346319	«Ʊ»
5	0.146936	0.332832	0.164737	0.346319	ǉǓ
5	0.168525	0.332832	0.192903	0.346319	«-»
5	0.316305	0.332832	0.342283	0.346319	+24
5	0.346033	0.332832	0.355344	0.346319	Ƨ
5	0.359134	0.332832	0.394047	0.346319	ǔǓǖǗ.
5	0.397830	0.332832	0.428942	0.346319	ǗǓǏǅ
5	0.510178	0.332832	0.527496	0.346319	21
5	0.531266	0.332832	0.540577	0.346319	Ƨ
5	0.544366	0.332832	0.579280	0.346319	ǔǓǖǗ.
5	0.583063	0.332832	0.614175	0.346319	ǗǓǏǅ
5	0.699756	0.332832	0.717074	0.346319	27
5	0.720860	0.332832	0.730171	0.346319	Ƨ
5	0.733961	0.332832	0.768874	0.346319	ǔǓǖǗ.
5	0.772657	0.332832	0.803769	0.346319	ǗǓǏǅ
5	0.093192	0.351307	0.108398	0.364794	ǓǗ
5	0.112187	0.351307	0.143158	0.364794	«M»
5	0.146949	0.351307	0.164750	0.364794	ǉǓ
5	0.168537	0.351307	0.213871	0.364794	ǝǅǖǖǍ
5	0.324962	0.351307	0.333619	0.364794	0
5	0.337415	0.351307	0.346726	0.364794	Ƨ
5	0.350516	0.351307	0.385429	0.364794	ǔǓǖǗ.
5	0.389212	0.351307	0.420324	0.364794	ǗǓǏǅ
5	0.501309	0.351307	0.536402	0.364794	-0,75
5	0.540168	0.351307	0.549479	0.364794	Ƨ
5	0.553269	0.351307	0.588182	0.364794	ǔǓǖǗ.
5	0.591965	0.351307	0.623077	0.364794	ǗǓǏǅ
5	0.693827	0.351307	0.723038	0.364794	0,75
5	0.726822	0.351307	0.736133	0.364794	Ƨ
5	0.739923	0.351307	0.774836	0.364794	ǔǓǖǗ.
5	0.778619	0.351307	0.809731	0.364794	ǗǓǏǅ
5	0.088206	0.382486	0.184269	0.395973	ƴǕǍǑǊǜǅǒǍǊ:
5	0.189708	0.382486	0.223983	0.395973	ƪǖǐǍ
5	0.229434	0.382486	0.298822	0.395973	ǌǒǅǜǊǒǍǊ
5	0.304262	0.382486	0.398920	0.395973	ǒǅǔǕǤǋǊǒǍǊ,
5	0.404376	0.382486	0.501468	0.395973	ǍǌǑǊǕǊǒǒǓǈǓ
5	0.506907	0.382486	0.554385	0.395973	ǑǊǋǉǘ
5	0.559831	0.382486	0.626884	0.395973	ǇǠǇǓǉǓǑ
5	0.632335	0.382486	0.666070	0.395973	«Ʊ»
5	0.671510	0.382486	0.680641	0.395973	Ǎ
5	0.686096	0.382486	0.757032	0.395973	ǏǓǕǔǘǖǓǑ
5	0.762460	0.382486	0.853345	0.395973	ǔǕǊǇǠǝǅǊǗ
5	0.858804	0.382486	0.866987	0.395973	5
5	0.872424	0.382486	0.882061	0.395973	Ƨ
5	0.088206	0.396342	0.189316	0.409829	ǔǓǖǗǓǤǒǒǓǈǓ
5	0.194086	0.396342	0.237372	0.409829	ǗǓǏǅ,
5	0.242175	0.396342	0.321282	0.409829	ǇǊǕǓǤǗǒǓ.
5	0.326085	0.396342	0.416596	0.409829	ǔǓǇǕǊǋǉǊǒǅ
5	0.421396	0.396342	0.573967	0.409829	ǖǓǓǗǇǊǗǖǗǇǘǣǞǅǤ
5	0.583516	0.396342	0.633490	0.409829	ǔǐǅǗǅ
5	0.638269	0.396342	0.673159	0.409829	ƷƱƶ.
5	0.677945	0.396342	0.687583	0.409829	Ƨ
5	0.692385	0.396342	0.748102	0.409829	ǔǊǕǇǘǣ
5	0.752888	0.396342	0.816298	0.409829	ǓǜǊǕǊǉǡ,
5	0.821084	0.396342	0.882061	0.409829	ǕǊǝǍǗǡ
5	0.088206	0.410198	0.160143	0.423685	ǔǕǓǆǐǊǑǘ
5	0.170973	0.410198	0.178846	0.423685	ǖ
5	0.189659	0.410198	0.266933	0.423685	ǉǅǗǜǍǏǓǑ
5	0.277735	0.410198	0.317290	0.423685	ǗǓǏǅ
5	0.328110	0.410198	0.370269	0.423685	Ǎ/ǍǐǍ
5	0.381083	0.410198	0.464340	0.423685	ǔǕǓǇǓǉǏǓǎ,
5	0.475169	0.410198	0.525143	0.423685	ǌǅǗǊǑ
5	0.535966	0.410198	0.627683	0.423685	ǔǕǓǍǌǇǊǖǗǍ
5	0.638481	0.410198	0.692189	0.423685	ǌǅǑǊǒǘ
5	0.703019	0.410198	0.755704	0.423685	ǔǐǅǗǠ
5	0.766527	0.410198	0.801243	0.423685	ƷƱƶ,
5	0.812051	0.410198	0.820660	0.423685	Ǉ
5	0.831489	0.410198	0.882053	0.423685	ǖǐǘǜǅǊ
5	0.088190	0.424055	0.212609	0.437542	ǒǊǓǆǚǓǉǍǑǓǖǗǍ.
5	0.088190	0.451768	0.097500	0.465255	Ƨ
5	0.101878	0.451768	0.150350	0.465255	ǖǐǘǜǅǊ
5	0.154703	0.451768	0.261972	0.465255	ǇǓǌǒǍǏǒǓǇǊǒǍǤ
5	0.266350	0.451768	0.336305	0.465255	ǖǓǑǒǊǒǍǎ
5	0.340655	0.451768	0.437159	0.465255	ǓǗǒǓǖǍǗǊǐǡǒǓ
5	0.441537	0.451768	0.513931	0.465255	ǖǓǖǗǓǤǒǍǤ
5	0.518292	0.451768	0.575283	0.465255	ǉǅǗǜǍǏǅ
5	0.579661	0.451768	0.610773	0.465255	ǗǓǏǅ
5	0.615131	0.451768	0.643574	0.465255	(ǍǐǍ
5	0.647955	0.451768	0.672111	0.465255	ǉǐǤ
5	0.676475	0.451768	0.769206	0.465255	ǓǔǕǊǉǊǐǊǒǍǤ
5	0.773567	0.451768	0.882064	0.465255	ǒǊǍǖǔǕǅǇǒǓǖǗǍ
5	0.088189	0.465624	0.145180	0.479111	ǉǅǗǜǍǏǅ
5	0.150440	0.465624	0.184785	0.479111	ǗǓǏǅ,
5	0.190068	0.465624	0.246519	0.479111	ǏǓǗǓǕǅǤ
5	0.251779	0.465624	0.310828	0.479111	ǔǕǍǇǊǐǅ
5	0.316104	0.465624	0.323112	0.479111	Ǐ
5	0.328371	0.465624	0.379319	0.479111	ǔǓǐǒǓǎ
5	0.384595	0.465624	0.434374	0.479111	ǔǓǗǊǕǍ
5	0.439625	0.465624	0.497319	0.479111	ǔǍǗǅǒǍǤ
5	0.502596	0.465624	0.511254	0.479111	+
5	0.516535	0.465624	0.533853	0.479111	24
5	0.539102	0.465624	0.548413	0.479111	Ƨ
5	0.553689	0.465624	0.593166	0.479111	Ǎ/ǍǐǍ
5	0.598432	0.465624	0.604313	0.479111	-
5	0.609584	0.465624	0.626902	0.479111	24
5	0.632160	0.465624	0.641470	0.479111	Ƨ
5	0.646746	0.465624	0.678751	0.479111	ǇǖǊǚ
5	0.684005	0.465624	0.748972	0.479111	ǉǅǗǜǍǏǓǇ
5	0.754260	0.465624	0.792066	0.479111	ǗǓǏǅ),
5	0.797334	0.465624	0.882044	0.479111	ǔǕǓǉǓǐǋǍǗǡ
5	0.088189	0.479481	0.155553	0.492968	ǔǕǓǇǊǕǏǍ
5	0.159342	0.479481	0.184367	0.492968	ǇǒǊ
5	0.188156	0.479481	0.236147	0.492968	ǖǚǊǑǠ.
5	0.088206	0.508891	0.148670	0.525076	4.3.4.2.
5	0.158771	0.508891	0.245879	0.525076	ƴǕǓǇǊǕǏǍ
5	0.250426	0.508891	0.333105	0.525076	ǉǅǗǜǍǏǓǇ
5	0.337652	0.508891	0.377371	0.525076	ǗǓǏǅ
5	0.381920	0.508891	0.413180	0.525076	ǇǒǊ
5	0.417726	0.508891	0.473354	0.525076	ǖǚǊǑǠ
5	0.088206	0.539523	0.157889	0.553010	ƴǕǓǇǊǕǏǅ
5	0.166154	0.539523	0.273161	0.553010	ǖǓǔǕǓǗǍǇǐǊǒǍǤ
5	0.281426	0.539523	0.327284	0.553010	ǑǊǋǉǘ
5	0.335542	0.539523	0.408116	0.553010	ǇǠǇǓǉǅǑǍ
5	0.416382	0.539523	0.473373	0.553010	ǉǅǗǜǍǏǅ
5	0.481638	0.539523	0.525715	0.553010	ǑǓǋǊǗ
5	0.533973	0.539523	0.567492	0.553010	ǆǠǗǡ
5	0.575757	0.539523	0.672506	0.553010	ǔǕǓǍǌǇǊǉǊǒǅ,
5	0.680771	0.539523	0.721170	0.553010	ǏǓǈǉǅ
5	0.729448	0.539523	0.790529	0.553010	ǔǕǓǇǓǉǅ
5	0.798804	0.539523	0.882076	0.553010	ǘǔǕǅǇǐǊǒǍǤ
5	0.088206	0.553380	0.164831	0.566867	ǓǗǏǐǣǜǊǒǠ
5	0.172688	0.553380	0.187894	0.566867	ǓǗ
5	0.195768	0.553380	0.255994	0.566867	ǉǅǗǜǍǏǅ.
5	0.263867	0.553380	0.273177	0.566867	Ƨ
5	0.281034	0.553380	0.329507	0.566867	ǖǐǘǜǅǊ
5	0.337372	0.553380	0.444428	0.566867	ǖǓǑǒǍǗǊǐǡǒǓǈǓ
5	0.452285	0.553380	0.530558	0.566867	ǕǊǌǘǐǡǗǅǗǅ
5	0.538400	0.553380	0.615218	0.566867	ǍǌǑǊǕǊǒǍǤ
5	0.623078	0.553380	0.733319	0.566867	ǖǓǔǕǓǗǍǇǐǊǒǍǤ,
5	0.741192	0.553380	0.822930	0.566867	ǔǕǓǍǌǇǊǖǗǍ
5	0.830787	0.553380	0.882069	0.566867	ǌǅǑǊǒǘ
5	0.088206	0.567236	0.145197	0.580723	ǉǅǗǜǍǏǅ
5	0.148986	0.567236	0.183331	0.580723	ǗǓǏǅ.
5	0.187114	0.567236	0.212518	0.580723	ƩǐǤ
5	0.216309	0.567236	0.248313	0.580723	ǇǖǊǚ
5	0.252104	0.567236	0.317071	0.580723	ǉǅǗǜǍǏǓǇ
5	0.320874	0.567236	0.351986	0.580723	ǗǓǏǅ
5	0.355776	0.567236	0.384513	0.580723	(ƵǍǖ
5	0.388306	0.567236	0.405624	0.580723	15
5	0.409407	0.567236	0.418162	0.580723	Ǎ
5	0.421952	0.567236	0.447224	0.580723	ƵǍǖ
5	0.451017	0.567236	0.475029	0.580723	16),
5	0.478820	0.567236	0.546331	0.580723	ǔǕǓǇǊǕǏǅ
5	0.550120	0.567236	0.615087	0.580723	ǉǅǗǜǍǏǓǇ
5	0.618880	0.567236	0.649992	0.580723	ǗǓǏǅ
5	0.653780	0.567236	0.678805	0.580723	ǇǒǊ
5	0.682594	0.567236	0.730591	0.580723	ǖǚǊǑǠ:
5	0.270346	0.594275	0.279983	0.607762	Ƨ
5	0.283512	0.594275	0.340127	0.607762	ǉǅǒǒǓǑ
5	0.343639	0.594275	0.450989	0.607762	ǓǆǓǕǘǉǓǇǅǒǍǍ
5	0.454501	0.594275	0.576554	0.607762	ǔǕǍǖǘǗǖǗǇǘǣǗ
5	0.580064	0.594275	0.644470	0.607762	ǓǔǅǖǒǠǊ
5	0.647982	0.594275	0.743392	0.607762	ǒǅǔǕǤǋǊǒǍǤ.
5	0.746904	0.594275	0.829785	0.607762	ƸǆǊǉǍǗǡǖǤ
5	0.833313	0.594275	0.841922	0.607762	Ǉ
5	0.845433	0.594275	0.882856	0.607762	ǗǓǑ,
5	0.131204	0.606296	0.257539	0.623660	ɉɊȿȾɍɉɊȿɀȾȿɇɂȿ
5	0.272248	0.608942	0.303486	0.622429	ǜǗǓ
5	0.307269	0.608942	0.412708	0.622429	ǇǠǏǐǣǜǅǗǊǐǡ
5	0.416465	0.608942	0.484694	0.622429	ǔǍǗǅǒǍǤ
5	0.488483	0.608942	0.576444	0.622429	ǘǔǕǅǇǐǊǒǍǤ
5	0.582658	0.608942	0.616617	0.622429	(CPS)
5	0.617967	0.608942	0.701419	0.622429	ǒǅǚǓǉǍǗǖǤ
5	0.705209	0.608942	0.713817	0.622429	Ǉ
5	0.717607	0.608942	0.799916	0.622429	ǔǓǐǓǋǊǒǍǍ
5	0.803706	0.608942	0.850019	0.622429	ƳƷƯư.,
5	0.853805	0.608942	0.862936	0.622429	Ǎ
5	0.270346	0.621988	0.375785	0.635475	ǇǠǏǐǣǜǅǗǊǐǡ
5	0.382743	0.621988	0.480160	0.635475	ǏǓǒǗǅǏǗǓǕǅ
5	0.487121	0.621988	0.522921	0.635475	ǛǊǔǍ
5	0.529917	0.621988	0.627711	0.635475	ǇǓǌǆǘǋǉǊǒǍǤ
5	0.634702	0.621988	0.726845	0.635475	ǈǊǒǊǕǅǗǓǕǅ
5	0.733841	0.621988	0.780599	0.635475	(GFCO)
5	0.787577	0.621988	0.871030	0.635475	ǒǅǚǓǉǍǗǖǤ
5	0.878021	0.621988	0.886629	0.635475	Ǉ
5	0.088968	0.635844	0.171277	0.649331	ǔǓǐǓǋǊǒǍǍ
5	0.176276	0.635844	0.214895	0.649331	ƳƷƯư
5	0.219872	0.635844	0.263250	0.649331	ǔǊǕǊǉ
5	0.268271	0.635844	0.333031	0.649331	ǒǅǜǅǐǓǑ
5	0.338003	0.635844	0.420819	0.649331	ǏǅǏǍǚ-ǐǍǆǓ
5	0.425801	0.635844	0.475637	0.649331	ǕǅǆǓǗ
5	0.480619	0.635844	0.499061	0.649331	ǒǅ
5	0.504043	0.635844	0.606869	0.649331	ǏǓǑǔǓǒǊǒǗǅǚ
5	0.611828	0.635844	0.733622	0.649331	ǢǐǊǏǗǕǍǜǊǖǏǓǈǓ
5	0.738609	0.635844	0.789775	0.649331	ǝǏǅǙǅ
5	0.794759	0.635844	0.886613	0.649331	ǘǔǕǅǇǐǊǒǍǤ.
5	0.088952	0.649701	0.171833	0.663188	ƸǆǊǉǍǗǡǖǤ
5	0.175622	0.649701	0.184231	0.663188	Ǉ
5	0.188020	0.649701	0.225426	0.663188	ǗǓǑ,
5	0.229216	0.649701	0.260454	0.663188	ǜǗǓ
5	0.264220	0.649701	0.378562	0.663188	ǍǒǉǍǏǅǗǓǕǒǠǊ
5	0.382351	0.649701	0.432292	0.663188	ǐǅǑǔǠ
5	0.436075	0.649701	0.496800	0.663188	ǌǅǕǤǉǏǍ
5	0.500580	0.649701	0.610756	0.663188	ǏǓǒǉǊǒǖǅǗǓǕǅ
5	0.616743	0.649701	0.651486	0.663188	(CCL)
5	0.653062	0.649701	0.670312	0.663188	ǒǊ
5	0.674101	0.649701	0.725955	0.663188	ǈǓǕǤǗ.
5	0.088952	0.663557	0.199146	0.677044	ƭǖǔǓǐǡǌǓǇǅǗǡ
5	0.204995	0.663557	0.241878	0.677044	VOM,
5	0.247762	0.663557	0.299777	0.677044	ǜǗǓǆǠ
5	0.305645	0.663557	0.387121	0.677044	ǘǆǊǉǍǗǡǖǤ
5	0.393001	0.663557	0.401610	0.677044	Ǉ
5	0.407490	0.663557	0.508533	0.677044	ǓǗǖǘǗǖǗǇǍǍ
5	0.514383	0.663557	0.605856	0.677044	ǒǅǔǕǤǋǊǒǍǤ
5	0.611736	0.663557	0.655114	0.677044	ǔǊǕǊǉ
5	0.661017	0.663557	0.785045	0.677044	ǔǕǍǏǓǖǒǓǇǊǒǍǊǑ
5	0.802686	0.663557	0.810330	0.677044	Ǐ
5	0.816211	0.663557	0.886612	0.677044	ǏǐǊǑǑǅǑ.
5	0.088952	0.677414	0.198064	0.690901	ƲǊǖǓǆǐǣǉǊǒǍǊ
5	0.201888	0.677414	0.258209	0.690901	ǉǅǒǒǠǚ
5	0.261999	0.677414	0.290127	0.690901	ǑǊǕ
5	0.293916	0.677414	0.431103	0.690901	ǔǕǊǉǓǖǗǊǕǊǋǊǒǍǤ
5	0.434932	0.677414	0.487790	0.690901	ǑǓǋǊǗ
5	0.491563	0.677414	0.566359	0.690901	ǔǕǍǇǊǖǗǍ
5	0.570148	0.677414	0.577793	0.690901	Ǐ
5	0.581566	0.677414	0.662683	0.690901	ǖǊǕǡǊǌǒǠǑ
5	0.666473	0.677414	0.738371	0.690901	ǗǕǅǇǑǅǑ
5	0.742134	0.677414	0.768988	0.690901	ǍǐǍ
5	0.772778	0.677414	0.835584	0.690901	ǖǑǊǕǗǍ.
5	0.087307	0.717151	0.099202	0.730638	1.
5	0.116710	0.717151	0.190803	0.730638	ƬǅǈǐǘǝǍǗǡ
5	0.196588	0.717151	0.273034	0.730638	ǉǍǌǊǐǡǒǠǎ
5	0.278823	0.717151	0.350270	0.730638	ǉǇǍǈǅǗǊǐǡ
5	0.356058	0.717151	0.433157	0.730638	ǖǅǑǓǖǇǅǐǅ
5	0.438940	0.717151	0.447695	0.730638	Ǎ
5	0.453477	0.717151	0.526002	0.730638	ǘǆǊǉǍǗǡǖǤ
5	0.531785	0.717151	0.539903	0.730638	Ǉ
5	0.545685	0.717151	0.623094	0.730638	ǓǗǖǘǗǖǗǇǍǍ
5	0.628877	0.717151	0.715121	0.730638	ǒǅǔǕǤǋǊǒǍǤ
5	0.720889	0.717151	0.729007	0.730638	Ǉ
5	0.734789	0.717151	0.792656	0.730638	ǖǍǖǗǊǑǊ
5	0.798428	0.717151	0.884919	0.730638	ǘǔǕǅǇǐǊǒǍǤ,
5	0.116661	0.731008	0.170082	0.744495	ǔǕǊǋǉǊ
5	0.182341	0.731008	0.208908	0.744495	ǜǊǑ
5	0.221152	0.731008	0.277016	0.744495	ǓǗǏǕǠǗǡ
5	0.289283	0.731008	0.371294	0.744495	ǏǅǏǘǣ-ǐǍǆǓ
5	0.383566	0.731008	0.425660	0.744495	ǉǇǊǕǡ
5	0.437927	0.731008	0.495489	0.744495	ǉǓǖǗǘǔǅ
5	0.507757	0.731008	0.532729	0.744495	ǍǐǍ
5	0.544999	0.731008	0.597825	0.744495	ǔǅǒǊǐǡ.
5	0.610092	0.731008	0.685231	0.744495	ƧǠǔǓǐǒǤǗǡ
5	0.697498	0.731008	0.777468	0.744495	ǔǕǓǛǊǉǘǕǠ
5	0.789722	0.731008	0.884903	0.744495	ǗǊǚǒǍǜǊǖǏǓǈǓ
5	0.116644	0.744864	0.218522	0.758351	ǓǆǖǐǘǋǍǇǅǒǍǤ
5	0.222312	0.744864	0.246467	0.758351	ǉǐǤ
5	0.250276	0.744864	0.292060	0.758351	ǕǅǆǓǗ
5	0.295850	0.744864	0.344608	0.758351	ǇǒǘǗǕǍ
5	0.348424	0.744862	0.399306	0.758349	ǝǏǅǙǅ.
5	0.087285	0.772575	0.099180	0.786062	2.
5	0.116687	0.772575	0.237840	0.786062	ƴǕǓǑǅǕǏǍǕǓǇǅǗǡ
5	0.255122	0.772575	0.263877	0.786062	Ǎ
5	0.281142	0.772575	0.370606	0.786062	ǓǗǖǓǊǉǍǒǍǗǡ
5	0.387888	0.772575	0.448969	0.786062	ǔǕǓǇǓǉǅ
5	0.466261	0.772575	0.549532	0.786062	ǘǔǕǅǇǐǊǒǍǤ
5	0.566799	0.772575	0.582005	0.786062	ǓǗ
5	0.599272	0.772575	0.660778	0.786062	ǇǠǇǓǉǓǇ
5	0.678070	0.772575	0.738295	0.786062	ǉǅǗǜǍǏǅ:
5	0.742624	0.772575	0.858010	0.786062	ǔǓǐǓǋǍǗǊǐǡǒǓǈǓ
5	0.862318	0.772575	0.881140	0.786062	(+),
5	0.116687	0.786432	0.230130	0.799919	ǓǗǕǍǛǅǗǊǐǡǒǓǈǓ
5	0.236727	0.786432	0.249537	0.799919	(-)
5	0.256151	0.786432	0.264906	0.799919	Ǎ
5	0.271505	0.786432	0.283984	0.799919	Ʊ
5	0.290600	0.786432	0.319336	0.799919	(ƵǍǖ
5	0.325943	0.786432	0.349955	0.799919	15).
5	0.356560	0.786432	0.384979	0.799919	ƴǕǍ
5	0.391580	0.786432	0.448995	0.799919	ǔǓǑǓǞǍ
5	0.455594	0.786432	0.550302	0.799919	ǑǘǐǡǗǍǑǊǗǕǅ,
5	0.556917	0.786432	0.656133	0.799919	ǒǅǖǗǕǓǊǒǒǓǈǓ
5	0.662732	0.786432	0.680228	0.799919	ǒǅ
5	0.686841	0.786432	0.764312	0.799919	ǍǌǑǊǕǊǒǍǊ
5	0.770899	0.786432	0.881140	0.799919	ǖǓǔǕǓǗǍǇǐǊǒǍǤ,
5	0.116687	0.800288	0.198425	0.813775	ǔǕǓǍǌǇǊǖǗǍ
5	0.202214	0.800288	0.283658	0.813775	ǖǐǊǉǘǣǞǍǊ
5	0.287447	0.800288	0.364265	0.813775	ǍǌǑǊǕǊǒǍǤ
5	0.368042	0.800288	0.385538	0.813775	ǒǅ
5	0.389329	0.800288	0.449302	0.813775	ǏǐǊǑǑǅǚ
5	0.453079	0.800288	0.510070	0.813775	ǉǅǗǜǍǏǅ
5	0.513859	0.800288	0.548204	0.813775	ǗǓǏǅ:
6	0.804862	0.103163	0.911461	0.116649	GET-6903A_RU
6	0.120058	0.117019	0.164639	0.130506	ƴǓǍǖǏ
6	0.168353	0.117019	0.177574	0.130506	Ǎ
6	0.181287	0.117019	0.265938	0.130506	ǘǖǗǕǅǒǊǒǍǊ
6	0.269666	0.117019	0.389003	0.130506	ǒǊǍǖǔǕǅǇǒǓǖǗǊǎ
6	0.392717	0.117019	0.442741	0.130506	ǝǏǅǙǅ
6	0.446455	0.117019	0.532610	0.130506	ǘǔǕǅǇǐǊǒǍǤ
6	0.536354	0.117019	0.552826	0.130506	ǖǓ
6	0.556540	0.117019	0.638771	0.130506	ǖǉǇǓǊǒǒǠǑ
6	0.641957	0.117019	0.674581	0.130506	IGBT
6	0.678823	0.117019	0.766098	0.130506	ǍǒǇǊǕǗǊǕǓǑ
6	0.769317	0.117019	0.831549	0.130506	17KG535
6	0.835762	0.117019	0.844982	0.130506	Ǎ
6	0.848696	0.117019	0.910928	0.130506	17KG537
6	0.203835	0.166589	0.266860	0.180076	ƷǅǆǐǍǛǅ
6	0.270661	0.166589	0.283255	0.180076	9.
6	0.287046	0.166589	0.369943	0.180076	ƭǌǑǊǕǊǒǍǤ
6	0.373733	0.166589	0.392062	0.180076	ǒǅ
6	0.395853	0.166589	0.459296	0.180076	ǏǐǊǑǑǅǚ
6	0.463086	0.166589	0.523768	0.180076	ǉǅǗǜǍǏǅ
6	0.527558	0.166589	0.560656	0.180076	ǗǓǏǅ
6	0.122424	0.187328	0.181979	0.200815	ƯǐǊǑǑǠ
6	0.343004	0.189637	0.396655	0.203124	ƩǅǗǜǍǏ
6	0.400469	0.189637	0.421299	0.203124	ƳƯ
6	0.485637	0.187328	0.539287	0.200815	ƩǅǗǜǍǏ
6	0.543085	0.187328	0.631505	0.200815	ǒǊǍǖǔǕǅǇǊǒ
6	0.122440	0.210422	0.137646	0.223909	ǓǗ
6	0.141435	0.210422	0.168587	0.223909	«+»
6	0.172375	0.210422	0.190176	0.223909	ǉǓ
6	0.193964	0.210422	0.218341	0.223909	«-»
6	0.351397	0.210433	0.360054	0.223919	>
6	0.363848	0.210433	0.381166	0.223919	10
6	0.384923	0.210433	0.413029	0.223919	ǏƳǑ
6	0.532113	0.210433	0.540771	0.223919	<
6	0.544565	0.210433	0.553222	0.223919	1
6	0.556991	0.210433	0.585096	0.223919	ǏƳǑ
6	0.122494	0.228908	0.137700	0.242395	ǓǗ
6	0.141489	0.228908	0.168640	0.242395	«+»
6	0.172428	0.228908	0.190230	0.242395	ǉǓ
6	0.194018	0.228908	0.224991	0.242395	«M»
6	0.351387	0.228910	0.360044	0.242397	>
6	0.363846	0.228908	0.381162	0.242395	10
6	0.384923	0.228908	0.413029	0.242395	ǏƳǑ
6	0.532113	0.228908	0.540771	0.242395	<
6	0.544565	0.228908	0.553222	0.242395	1
6	0.556991	0.228908	0.585096	0.242395	ǏƳǑ
6	0.122494	0.247383	0.137700	0.260870	ǓǗ
6	0.141489	0.247383	0.172477	0.260870	«Ʊ»
6	0.176270	0.247383	0.194072	0.260870	ǉǓ
6	0.197860	0.247383	0.222237	0.260870	«-»
6	0.351429	0.247385	0.360086	0.260872	>
6	0.363880	0.247385	0.381198	0.260872	10
6	0.384952	0.247385	0.413057	0.260872	ǏƳǑ
6	0.532142	0.247385	0.540799	0.260872	<
6	0.544594	0.247385	0.553251	0.260872	1
6	0.557019	0.247385	0.585124	0.260872	ǏƳǑ
6	0.117608	0.278562	0.165304	0.292049	ưǣǆǓǊ
6	0.169094	0.278562	0.244151	0.292049	ǔǓǏǅǌǅǒǍǊ
6	0.247940	0.278562	0.272965	0.292049	ǇǒǊ
6	0.276754	0.278562	0.344265	0.292049	ǔǕǊǉǊǐǓǇ
6	0.348054	0.278562	0.465221	0.292049	ǖǇǍǉǊǗǊǐǡǖǗǇǘǊǗ
6	0.469011	0.278562	0.477783	0.292049	Ǔ
6	0.481572	0.278562	0.590069	0.292049	ǒǊǍǖǔǕǅǇǒǓǖǗǍ
6	0.593839	0.278562	0.654064	0.292049	ǉǅǗǜǍǏǅ.
6	0.117608	0.306275	0.129502	0.319762	3.
6	0.147010	0.306275	0.232408	0.319762	ƴǓǉǏǐǣǜǍǗǡ
6	0.236229	0.306275	0.329760	0.319762	ǓǗǏǐǣǜǊǒǒǠǊ
6	0.333549	0.306275	0.394630	0.319762	ǔǕǓǇǓǉǅ
6	0.398430	0.306275	0.481701	0.319762	ǘǔǕǅǇǐǊǒǍǤ
6	0.485476	0.306275	0.492484	0.319762	Ǐ
6	0.496273	0.306275	0.560092	0.319762	ǇǠǇǓǉǅǑ
6	0.563882	0.306275	0.620872	0.319762	ǉǅǗǜǍǏǅ
6	0.117608	0.335687	0.178072	0.351871	4.3.4.3.
6	0.188172	0.335687	0.275281	0.351871	ƴǕǓǇǊǕǏǍ
6	0.279828	0.335687	0.365486	0.351871	ǔǕǓǇǓǉǏǍ
6	0.370033	0.335687	0.442852	0.351871	ǉǅǗǜǍǏǅ
6	0.447400	0.335687	0.487118	0.351871	ǗǓǏǅ
6	0.117608	0.366319	0.187867	0.379806	ƴǕǓǇǓǉǏǅ
6	0.194020	0.366319	0.201028	0.379806	Ǐ
6	0.207169	0.366319	0.274451	0.379806	ǉǅǗǜǍǏǅǑ
6	0.280609	0.366319	0.311721	0.379806	ǗǓǏǅ
6	0.317868	0.366319	0.361945	0.379806	ǑǓǋǊǗ
6	0.368080	0.366319	0.401599	0.379806	ǆǠǗǡ
6	0.407740	0.366319	0.485162	0.379806	ǔǕǓǇǊǕǊǒǅ
6	0.491307	0.366319	0.508803	0.379806	ǒǅ
6	0.514943	0.366319	0.601549	0.379806	ǌǅǌǊǑǐǊǒǍǊ,
6	0.607707	0.366319	0.652855	0.379806	ǓǆǕǠǇ
6	0.658997	0.366319	0.683969	0.379806	ǍǐǍ
6	0.690114	0.366319	0.754085	0.379806	ǏǓǕǓǗǏǓǊ
6	0.760254	0.366319	0.842057	0.379806	ǌǅǑǠǏǅǒǍǊ.
6	0.848199	0.366319	0.911453	0.379806	ƴǕǓǇǓǉǅ
6	0.117608	0.380175	0.210338	0.393662	ǔǕǓǇǊǕǤǣǗǖǤ
6	0.216856	0.380175	0.232062	0.393662	ǓǗ
6	0.238597	0.380175	0.295588	0.393662	ǉǅǗǜǍǏǅ
6	0.302122	0.380175	0.333234	0.393662	ǗǓǏǅ
6	0.339748	0.380175	0.397180	0.393662	(ǏǐǊǑǑǠ
6	0.403702	0.380175	0.415596	0.393662	+,
6	0.422128	0.380175	0.428008	0.393662	-
6	0.434529	0.380175	0.443284	0.393662	Ǎ
6	0.449802	0.380175	0.465744	0.393662	Ʊ)
6	0.472278	0.380175	0.490079	0.393662	ǉǓ
6	0.496600	0.380175	0.547228	0.393662	ǔǅǒǊǐǍ
6	0.553762	0.380175	0.575863	0.393662	ICP
6	0.582372	0.380175	0.623091	0.393662	ǜǊǕǊǌ
6	0.629611	0.380175	0.693358	0.393662	ǕǅǌǟǊǑǠ
6	0.699863	0.380175	0.723430	0.393662	CN.
6	0.729959	0.380175	0.739270	0.393662	Ƨ
6	0.745798	0.380175	0.827255	0.393662	ǖǐǊǉǘǣǞǊǎ
6	0.833776	0.380175	0.911476	0.393662	ǔǕǓǛǊǉǘǕǊ
6	0.117608	0.394032	0.195000	0.407519	ǔǕǍǇǊǉǊǒǓ
6	0.199100	0.394032	0.267656	0.407519	ǓǔǍǖǅǒǍǊ
6	0.271756	0.394032	0.339136	0.407519	ǔǕǓǇǊǕǓǏ
6	0.343236	0.394032	0.411176	0.407519	ǔǕǓǇǓǉǏǍ
6	0.415303	0.394032	0.439459	0.407519	ǉǐǤ
6	0.443562	0.394032	0.500553	0.407519	ǉǅǗǜǍǏǅ
6	0.504653	0.394032	0.538998	0.407519	ǗǓǏǅ.
6	0.543104	0.394032	0.623551	0.407519	ƴǕǓǛǊǉǘǕǅ
6	0.627651	0.394032	0.688840	0.407519	ǤǇǐǤǊǗǖǤ
6	0.692956	0.394032	0.786537	0.407519	ǓǆǓǆǞǊǒǒǓǎ,
6	0.790637	0.394032	0.812985	0.407519	ǗǅǏ
6	0.817082	0.394032	0.839996	0.407519	ǏǅǏ
6	0.844099	0.394032	0.911463	0.407519	ǔǕǓǇǊǕǏǍ
6	0.117608	0.407888	0.194625	0.421375	ǍǉǊǒǗǍǜǒǠ
6	0.200783	0.407888	0.224938	0.421375	ǉǐǤ
6	0.231099	0.407888	0.263104	0.421375	ǇǖǊǚ
6	0.269257	0.407888	0.334224	0.421375	ǉǅǗǜǍǏǓǇ
6	0.340393	0.407888	0.374738	0.421375	ǗǓǏǅ.
6	0.380903	0.407888	0.479351	0.421375	ƭǖǔǓǐǡǌǓǇǅǗǡ
6	0.485509	0.407888	0.510781	0.421375	ƵǍǖ
6	0.516946	0.407888	0.537498	0.421375	15,
6	0.543643	0.407888	0.568916	0.421375	ƵǍǖ
6	0.575080	0.407888	0.592398	0.421375	16
6	0.598543	0.407888	0.623515	0.421375	ǍǐǍ
6	0.629660	0.407888	0.654933	0.421375	ƵǍǖ
6	0.661098	0.407888	0.681650	0.421375	17,
6	0.687795	0.407888	0.730313	0.421375	ǜǗǓǆǠ
6	0.736455	0.407888	0.818764	0.421375	ǓǔǕǊǉǊǐǍǗǡ
6	0.824922	0.407888	0.911445	0.421375	ǔǕǅǇǍǐǡǒǘǣ
6	0.117575	0.421744	0.184714	0.435231	ǔǕǓǇǓǉǏǘ
6	0.188515	0.421744	0.245506	0.435231	ǉǅǗǜǍǏǅ
6	0.249296	0.421744	0.280408	0.435231	ǗǓǏǅ
6	0.284196	0.421744	0.292951	0.435231	Ǎ
6	0.296741	0.421744	0.349902	0.435231	ǕǅǌǟǊǑ
6	0.353691	0.421744	0.377258	0.435231	CN.
6	0.117575	0.449457	0.142978	0.462944	ƩǐǤ
6	0.146769	0.449457	0.214133	0.462944	ǔǕǓǇǊǕǏǍ
6	0.217922	0.449457	0.286989	0.462944	ǔǕǓǇǓǉǓǇ
6	0.290785	0.449457	0.374057	0.462944	ǘǔǕǅǇǐǊǒǍǤ
6	0.377832	0.449457	0.423689	0.462944	ǑǊǋǉǘ
6	0.427472	0.449457	0.494612	0.462944	ǉǅǗǜǍǏǓǑ
6	0.498413	0.449457	0.529525	0.462944	ǗǓǏǅ
6	0.533313	0.449457	0.542068	0.462944	Ǎ
6	0.545858	0.449457	0.606959	0.462944	ǔǅǒǊǐǡǣ
6	0.610747	0.449457	0.636081	0.462944	ICP:
6	0.299077	0.478388	0.308714	0.491875	Ƨ
6	0.312242	0.478388	0.368858	0.491875	ǉǅǒǒǓǑ
6	0.372369	0.478388	0.479720	0.491875	ǓǆǓǕǘǉǓǇǅǒǍǍ
6	0.483231	0.478388	0.605284	0.491875	ǔǕǍǖǘǗǖǗǇǘǣǗ
6	0.608794	0.478388	0.673201	0.491875	ǓǔǅǖǒǠǊ
6	0.676713	0.478388	0.772123	0.491875	ǒǅǔǕǤǋǊǒǍǤ.
6	0.775635	0.478388	0.858516	0.491875	ƸǆǊǉǍǗǡǖǤ
6	0.862044	0.478388	0.870652	0.491875	Ǉ
6	0.874164	0.478388	0.911586	0.491875	ǗǓǑ,
6	0.159937	0.490409	0.286271	0.507773	ɉɊȿȾɍɉɊȿɀȾȿɇɂȿ
6	0.300980	0.493054	0.332218	0.506541	ǜǗǓ
6	0.336001	0.493054	0.441440	0.506541	ǇǠǏǐǣǜǅǗǊǐǡ
6	0.445197	0.493054	0.513426	0.506541	ǔǍǗǅǒǍǤ
6	0.517216	0.493054	0.605177	0.506541	ǘǔǕǅǇǐǊǒǍǤ
6	0.611391	0.493054	0.645350	0.506541	(CPS)
6	0.646699	0.493054	0.730152	0.506541	ǒǅǚǓǉǍǗǖǤ
6	0.733941	0.493054	0.742550	0.506541	Ǉ
6	0.746339	0.493054	0.828649	0.506541	ǔǓǐǓǋǊǒǍǍ
6	0.832438	0.493054	0.878751	0.506541	ƳƷƯư.,
6	0.882538	0.493054	0.891669	0.506541	Ǎ
6	0.299077	0.506101	0.404516	0.519588	ǇǠǏǐǣǜǅǗǊǐǡ
6	0.411474	0.506101	0.508891	0.519588	ǏǓǒǗǅǏǗǓǕǅ
6	0.515851	0.506101	0.551652	0.519588	ǛǊǔǍ
6	0.558648	0.506101	0.656442	0.519588	ǇǓǌǆǘǋǉǊǒǍǤ
6	0.663433	0.506101	0.755576	0.519588	ǈǊǒǊǕǅǗǓǕǅ
6	0.762572	0.506101	0.809329	0.519588	(GFCO)
6	0.816308	0.506101	0.899760	0.519588	ǒǅǚǓǉǍǗǖǤ
6	0.906751	0.506101	0.915360	0.519588	Ǉ
6	0.117699	0.519957	0.200008	0.533444	ǔǓǐǓǋǊǒǍǍ
6	0.205006	0.519957	0.243626	0.533444	ƳƷƯư
6	0.248603	0.519957	0.291981	0.533444	ǔǊǕǊǉ
6	0.297002	0.519957	0.361762	0.533444	ǒǅǜǅǐǓǑ
6	0.366734	0.519957	0.449550	0.533444	ǏǅǏǍǚ-ǐǍǆǓ
6	0.454532	0.519957	0.504368	0.533444	ǕǅǆǓǗ
6	0.509350	0.519957	0.527792	0.533444	ǒǅ
6	0.532774	0.519957	0.635599	0.533444	ǏǓǑǔǓǒǊǒǗǅǚ
6	0.640558	0.519957	0.762353	0.533444	ǢǐǊǏǗǕǍǜǊǖǏǓǈǓ
6	0.767340	0.519957	0.818506	0.533444	ǝǏǅǙǅ
6	0.823490	0.519957	0.915343	0.533444	ǘǔǕǅǇǐǊǒǍǤ.
6	0.117682	0.533814	0.200563	0.547301	ƸǆǊǉǍǗǡǖǤ
6	0.204859	0.533814	0.213468	0.547301	Ǉ
6	0.217764	0.533814	0.255186	0.547301	ǗǓǑ,
6	0.259466	0.533814	0.290704	0.547301	ǜǗǓ
6	0.294977	0.533814	0.409318	0.547301	ǍǒǉǍǏǅǗǓǕǒǠǊ
6	0.413614	0.533814	0.463555	0.547301	ǐǅǑǔǠ
6	0.467828	0.533814	0.528553	0.547301	ǌǅǕǤǉǏǍ
6	0.532839	0.533814	0.643015	0.547301	ǏǓǒǉǊǒǖǅǗǓǕǅ
6	0.647309	0.533814	0.682053	0.547301	(CCL)
6	0.686334	0.533814	0.703583	0.547301	ǒǊ
6	0.707879	0.533814	0.759733	0.547301	ǈǓǕǤǗ.
6	0.764021	0.533814	0.874215	0.547301	ƭǖǔǓǐǡǌǓǇǅǗǡ
6	0.878473	0.533814	0.915361	0.547301	VOM,
6	0.117682	0.547670	0.169698	0.561157	ǜǗǓǆǠ
6	0.174036	0.547670	0.255513	0.561157	ǘǆǊǉǍǗǡǖǤ
6	0.259858	0.547670	0.268466	0.561157	Ǉ
6	0.272811	0.547670	0.373854	0.561157	ǓǗǖǘǗǖǗǇǍǍ
6	0.378168	0.547670	0.469641	0.561157	ǒǅǔǕǤǋǊǒǍǤ
6	0.473986	0.547670	0.517364	0.561157	ǔǊǕǊǉ
6	0.521732	0.547670	0.645759	0.561157	ǔǕǍǏǓǖǒǓǇǊǒǍǊǑ
6	0.658794	0.547670	0.666439	0.561157	Ǐ
6	0.670784	0.547670	0.741185	0.561157	ǏǐǊǑǑǅǑ.
6	0.745530	0.547670	0.854643	0.561157	ƲǊǖǓǆǐǣǉǊǒǍǊ
6	0.859022	0.547670	0.915343	0.561157	ǉǅǒǒǠǚ
6	0.117682	0.561526	0.145810	0.575013	ǑǊǕ
6	0.149600	0.561526	0.286787	0.575013	ǔǕǊǉǓǖǗǊǕǊǋǊǒǍǤ
6	0.290615	0.561526	0.343474	0.575013	ǑǓǋǊǗ
6	0.347247	0.561526	0.422042	0.575013	ǔǕǍǇǊǖǗǍ
6	0.425832	0.561526	0.433477	0.575013	Ǐ
6	0.437266	0.561526	0.518383	0.575013	ǖǊǕǡǊǌǒǠǑ
6	0.522173	0.561526	0.594070	0.575013	ǗǕǅǇǑǅǑ
6	0.597818	0.561526	0.624672	0.575013	ǍǐǍ
6	0.628461	0.561526	0.691267	0.575013	ǖǑǊǕǗǍ.
6	0.117575	0.596382	0.129470	0.609869	1.
6	0.146977	0.596382	0.221070	0.609869	ƬǅǈǐǘǝǍǗǡ
6	0.226852	0.596382	0.303298	0.609869	ǉǍǌǊǐǡǒǠǎ
6	0.309127	0.596382	0.380574	0.609868	ǉǇǍǈǅǗǊǐǡ
6	0.386368	0.596382	0.463466	0.609868	ǖǅǑǓǖǇǅǐǅ
6	0.469237	0.596382	0.477992	0.609868	Ǎ
6	0.483775	0.596382	0.556300	0.609868	ǘǆǊǉǍǗǡǖǤ
6	0.562082	0.596382	0.570200	0.609868	Ǉ
6	0.575983	0.596382	0.653392	0.609868	ǓǗǖǘǗǖǗǇǍǍ
6	0.659174	0.596382	0.745419	0.609868	ǒǅǔǕǤǋǊǒǍǤ
6	0.751186	0.596382	0.759305	0.609868	Ǉ
6	0.765087	0.596382	0.822953	0.609868	ǖǍǖǗǊǑǊ
6	0.828726	0.596382	0.915217	0.609868	ǘǔǕǅǇǐǊǒǍǤ,
6	0.146958	0.610238	0.200380	0.623725	ǔǕǊǋǉǊ
6	0.212639	0.610238	0.239205	0.623725	ǜǊǑ
6	0.251450	0.610238	0.307314	0.623725	ǓǗǏǕǠǗǡ
6	0.319581	0.610238	0.401591	0.623725	ǏǅǏǘǣ-ǐǍǆǓ
6	0.413880	0.610238	0.455974	0.623725	ǉǇǊǕǡ
6	0.468241	0.610238	0.525803	0.623725	ǉǓǖǗǘǔǅ
6	0.538071	0.610238	0.563043	0.623725	ǍǐǍ
6	0.575313	0.610238	0.628139	0.623725	ǔǅǒǊǐǡ.
6	0.640406	0.610238	0.715545	0.623725	ƧǠǔǓǐǒǤǗǡ
6	0.727812	0.610238	0.807782	0.623725	ǔǕǓǛǊǉǘǕǠ
6	0.820036	0.610238	0.915217	0.623725	ǗǊǚǒǍǜǊǖǏǓǈǓ
6	0.146958	0.624094	0.248836	0.637581	ǓǆǖǐǘǋǍǇǅǒǍǤ
6	0.252626	0.624094	0.276781	0.637581	ǉǐǤ
6	0.280590	0.624094	0.322374	0.637581	ǕǅǆǓǗ
6	0.326164	0.624094	0.374930	0.637581	ǇǒǘǗǕǍ
6	0.378712	0.624094	0.429593	0.637581	ǝǏǅǙǅ.
6	0.117556	0.651807	0.129451	0.665294	2.
6	0.146958	0.651807	0.268111	0.665294	ƴǕǓǑǅǕǏǍǕǓǇǅǗǡ
6	0.279485	0.651807	0.288240	0.665294	Ǎ
6	0.299587	0.651807	0.389051	0.665294	ǓǗǖǓǊǉǍǒǍǗǡ
6	0.400425	0.651807	0.461506	0.665294	ǔǕǓǇǓǉǅ
6	0.472863	0.651807	0.556135	0.665294	ǘǔǕǅǇǐǊǒǍǤ
6	0.567494	0.651807	0.582700	0.665294	ǓǗ
6	0.594049	0.651807	0.655555	0.665294	ǇǠǇǓǉǓǇ
6	0.666933	0.651807	0.723924	0.665294	ǉǅǗǜǍǏǅ
6	0.735293	0.651807	0.769638	0.665294	ǗǓǏǅ:
6	0.773421	0.651807	0.888807	0.665294	ǔǓǐǓǋǍǗǊǐǡǒǓǈǓ
6	0.892592	0.651807	0.911409	0.665294	(+),
6	0.146974	0.665664	0.260417	0.679151	ǓǗǕǍǛǅǗǊǐǡǒǓǈǓ
6	0.264209	0.665664	0.277018	0.679151	(-)
6	0.280803	0.665664	0.289558	0.679151	Ǎ
6	0.293348	0.665664	0.309061	0.679151	Ʊ,
6	0.312844	0.665664	0.372063	0.679151	ǏǓǗǓǕǠǎ
6	0.375869	0.665664	0.443494	0.679151	ǔǓǉǐǊǋǍǗ
6	0.447284	0.665664	0.517440	0.679151	ǔǕǓǇǊǕǏǊ.
6	0.117572	0.693376	0.129467	0.706863	3.
6	0.146974	0.693376	0.261365	0.706863	ƵǅǌǆǐǓǏǍǕǓǇǅǗǡ
6	0.266298	0.693376	0.275053	0.706863	Ǎ
6	0.280002	0.693376	0.369466	0.706863	ǓǗǖǓǊǉǍǒǍǗǡ
6	0.374399	0.693376	0.500746	0.706863	ǖǓǓǗǇǊǗǖǗǇǘǣǞǍǎ
6	0.505696	0.693376	0.558856	0.706863	ǕǅǌǟǊǑ
6	0.563778	0.693376	0.584113	0.706863	CN
6	0.589057	0.693376	0.639686	0.706863	ǔǅǒǊǐǍ
6	0.644612	0.693376	0.669942	0.706863	ICP.
6	0.674904	0.693376	0.773352	0.706863	ƭǖǔǓǐǡǌǓǇǅǗǡ
6	0.778285	0.693376	0.803558	0.706863	ƵǍǖ
6	0.808514	0.693376	0.829066	0.706863	15,
6	0.833986	0.693376	0.859258	0.706863	ƵǍǖ
6	0.864214	0.693376	0.881532	0.706863	16
6	0.886452	0.693376	0.911424	0.706863	ǍǐǍ
6	0.146974	0.707233	0.172247	0.720720	ƵǍǖ
6	0.176040	0.707233	0.196592	0.720720	17,
6	0.200372	0.707233	0.242890	0.720720	ǜǗǓǆǠ
6	0.246680	0.707233	0.328989	0.720720	ǓǔǕǊǉǊǐǍǗǡ
6	0.332779	0.707233	0.419172	0.720720	ǔǕǅǇǍǐǡǒǠǎ
6	0.422962	0.707233	0.475150	0.720720	ǔǕǓǇǓǉ
6	0.478940	0.707233	0.535931	0.720720	ǉǅǗǜǍǏǅ
6	0.539720	0.707233	0.570833	0.720720	ǗǓǏǅ
6	0.574621	0.707233	0.583376	0.720720	Ǎ
6	0.587165	0.707233	0.640326	0.720720	ǕǅǌǟǊǑ
6	0.644099	0.707233	0.667667	0.720720	CN.
6	0.117556	0.734946	0.129451	0.748433	4.
6	0.146958	0.734946	0.172362	0.748433	ƩǐǤ
6	0.176153	0.734946	0.271644	0.748433	ǓǆǒǅǕǘǋǊǒǍǤ
6	0.275412	0.734946	0.368617	0.748433	ǌǅǌǊǑǐǊǒǒǠǚ
6	0.372374	0.734946	0.441441	0.748433	ǔǕǓǇǓǉǓǇ
6	0.445242	0.734946	0.531733	0.748433	ǘǔǕǅǇǐǊǒǍǤ:
6	0.146958	0.762659	0.159096	0.776146	a.
6	0.176360	0.762659	0.261758	0.776146	ƴǓǉǏǐǣǜǍǗǡ
6	0.270937	0.762659	0.306084	0.776146	ǓǉǍǒ
6	0.315252	0.762659	0.331226	0.776146	Ǎǌ
6	0.340407	0.762659	0.386085	0.776146	ǞǘǔǓǇ
6	0.395242	0.762659	0.486731	0.776146	ǑǘǐǡǗǍǑǊǗǕǅ
6	0.495879	0.762659	0.533464	0.776146	ǝǍǒǊ
6	0.542628	0.762659	0.625377	0.776146	ǌǅǌǊǑǐǊǒǍǤ
6	0.634526	0.762659	0.682173	0.776146	ǝǏǅǙǅ
6	0.691337	0.762659	0.777828	0.776146	ǘǔǕǅǇǐǊǒǍǤ,
6	0.787008	0.762659	0.830268	0.776146	ǑǅǖǖǊ
6	0.839425	0.762659	0.856921	0.776146	ǒǅ
6	0.866083	0.762659	0.911418	0.776146	ǝǅǖǖǍ
6	0.176360	0.776515	0.253459	0.790002	ǖǅǑǓǖǇǅǐǅ
6	0.257248	0.776515	0.282221	0.790002	ǍǐǍ
6	0.286009	0.776515	0.293016	0.790002	Ǐ
6	0.296806	0.776515	0.353643	0.790002	ǑǊǗǅǐǐǘ
6	0.357411	0.776515	0.408293	0.790002	ǝǏǅǙǅ.
6	0.146942	0.804228	0.159080	0.817715	b.
6	0.176344	0.804228	0.301662	0.817715	ƴǓǖǐǊǉǓǇǅǗǊǐǡǒǓ
6	0.308539	0.804228	0.391779	0.817715	ǔǓǉǏǐǣǜǍǗǡ
6	0.398640	0.804228	0.448386	0.817715	ǇǗǓǕǓǎ
6	0.455271	0.804228	0.484056	0.817715	Ǟǘǔ
6	0.490913	0.804228	0.582402	0.817715	ǑǘǐǡǗǍǑǊǗǕǅ
6	0.589263	0.804228	0.596270	0.817715	Ǐ
6	0.603131	0.804228	0.637079	0.817715	ǗǕǊǑ
6	0.643951	0.804228	0.718566	0.817715	ǔǕǓǇǓǉǅǑ,
6	0.725427	0.804228	0.820934	0.817715	ǓǗǏǐǣǜǊǒǒǠǑ
6	0.827811	0.804228	0.843017	0.817715	ǓǗ
6	0.849879	0.804228	0.911385	0.817715	ǇǠǇǓǉǓǇ
6	0.176344	0.818084	0.236569	0.831571	ǉǅǗǜǍǏǅ.
6	0.146942	0.845797	0.158051	0.859284	c.
6	0.176344	0.845797	0.253573	0.859284	ƴǓǏǅǌǅǒǍǊ
6	0.257363	0.845797	0.364370	0.859284	ǖǓǔǕǓǗǍǇǐǊǒǍǤ
6	0.368160	0.845797	0.421051	0.859284	ǉǓǐǋǒǓ
6	0.424840	0.845797	0.504340	0.859284	ǔǕǊǇǠǝǅǗǡ
6	0.508131	0.845797	0.534110	0.859284	100
6	0.537875	0.845797	0.569220	0.859284	ǏƳǑ,
6	0.573003	0.845797	0.639354	0.859284	ǘǏǅǌǠǇǅǤ
6	0.643144	0.845797	0.660640	0.859284	ǒǅ
6	0.664431	0.845797	0.682872	0.859284	ǗǓ,
6	0.686655	0.845797	0.709821	0.859284	ǜǗǓ
6	0.713612	0.845797	0.774693	0.859284	ǔǕǓǇǓǉǅ
6	0.778498	0.845797	0.795405	0.859284	ǒǊ
6	0.799197	0.845797	0.879314	0.859284	ǌǅǌǊǑǐǊǒǠ.
6	0.117540	0.873510	0.129435	0.886997	5.
6	0.146942	0.873510	0.216625	0.886997	ƴǕǓǇǊǕǏǅ
6	0.220414	0.873510	0.289481	0.886997	ǔǕǓǇǓǉǓǇ
6	0.293282	0.873510	0.376554	0.886997	ǘǔǕǅǇǐǊǒǍǤ
6	0.380329	0.873510	0.397825	0.886997	ǒǅ
6	0.401616	0.873510	0.478584	0.886997	ǓǗǖǘǗǖǗǇǍǊ
6	0.482373	0.873510	0.553497	0.886997	ǏǓǕǓǗǏǓǈǓ
6	0.557296	0.873510	0.635212	0.886997	ǌǅǑǠǏǅǒǍǤ
6	0.639001	0.873510	0.684859	0.886997	ǑǊǋǉǘ
6	0.688642	0.873510	0.734811	0.886997	ǖǓǆǓǎ:
7	0.088477	0.102539	0.195076	0.116026	GET-6903A_RU
7	0.088477	0.116395	0.133058	0.129882	ƴǓǍǖǏ
7	0.136772	0.116395	0.145993	0.129882	Ǎ
7	0.149706	0.116395	0.234357	0.129882	ǘǖǗǕǅǒǊǒǍǊ
7	0.238085	0.116395	0.357422	0.129882	ǒǊǍǖǔǕǅǇǒǓǖǗǊǎ
7	0.361136	0.116395	0.411167	0.129882	ǝǏǅǙǅ
7	0.414882	0.116395	0.501037	0.129882	ǘǔǕǅǇǐǊǒǍǤ
7	0.504773	0.116395	0.521245	0.129882	ǖǓ
7	0.524959	0.116395	0.607190	0.129882	ǖǉǇǓǊǒǒǠǑ
7	0.610568	0.116395	0.643192	0.129882	IGBT
7	0.647242	0.116395	0.734517	0.129882	ǍǒǇǊǕǗǊǕǓǑ
7	0.737944	0.116395	0.800176	0.129882	17KG535
7	0.804181	0.116395	0.813402	0.129882	Ǎ
7	0.817115	0.116395	0.879347	0.129882	17KG537
7	0.117608	0.139998	0.129746	0.153485	a.
7	0.147010	0.139998	0.232408	0.153485	ƴǓǉǏǐǣǜǍǗǡ
7	0.236229	0.139998	0.271375	0.153485	ǓǉǍǒ
7	0.275163	0.139998	0.291137	0.153485	Ǎǌ
7	0.294925	0.139998	0.340603	0.153485	ǞǘǔǓǇ
7	0.344394	0.139998	0.435883	0.153485	ǑǘǐǡǗǍǑǊǗǕǅ
7	0.439658	0.139998	0.446665	0.153485	Ǐ
7	0.450455	0.139998	0.510589	0.153485	ǔǕǓǇǓǉǘ
7	0.514388	0.139998	0.600879	0.153485	ǘǔǕǅǇǐǊǒǍǤ,
7	0.604662	0.139998	0.706311	0.153485	ǓǗǏǐǣǜǊǒǒǓǑǘ
7	0.710101	0.139998	0.725307	0.153485	ǓǗ
7	0.729095	0.139998	0.782615	0.153485	ǇǠǇǓǉǅ
7	0.786422	0.139998	0.802136	0.153485	Ʊ.
7	0.117608	0.167711	0.129746	0.181197	b.
7	0.147010	0.167711	0.272328	0.181197	ƴǓǖǐǊǉǓǇǅǗǊǐǡǒǓ
7	0.277016	0.167711	0.360256	0.181197	ǔǓǉǏǐǣǜǍǗǡ
7	0.364960	0.167711	0.414707	0.181197	ǇǗǓǕǓǎ
7	0.419403	0.167711	0.448188	0.181197	Ǟǘǔ
7	0.452889	0.167711	0.544378	0.181197	ǑǘǐǡǗǍǑǊǗǕǅ
7	0.549050	0.167711	0.556057	0.181197	Ǐ
7	0.560745	0.167711	0.594693	0.181197	ǗǕǊǑ
7	0.599393	0.167711	0.670774	0.181197	ǔǕǓǇǓǉǅǑ
7	0.675462	0.167711	0.761953	0.181197	ǘǔǕǅǇǐǊǒǍǤ,
7	0.766658	0.167711	0.862165	0.181197	ǓǗǏǐǣǜǊǒǒǠǑ
7	0.866853	0.167711	0.882059	0.181197	ǓǗ
7	0.147010	0.181567	0.208515	0.195054	ǇǠǇǓǉǓǇ
7	0.214994	0.181567	0.271985	0.195054	ǉǅǗǜǍǏǅ
7	0.278468	0.181567	0.287125	0.195054	+
7	0.293595	0.181567	0.302350	0.195054	Ǎ
7	0.308819	0.181567	0.317932	0.195054	-.
7	0.324399	0.181567	0.401628	0.195054	ƴǓǏǅǌǅǒǍǊ
7	0.408116	0.181567	0.515123	0.195054	ǖǓǔǕǓǗǍǇǐǊǒǍǤ
7	0.521592	0.181567	0.574483	0.195054	ǉǓǐǋǒǓ
7	0.580951	0.181567	0.660451	0.195054	ǔǕǊǇǠǝǅǗǡ
7	0.666944	0.181567	0.692922	0.195054	100
7	0.699376	0.181567	0.730712	0.195054	ǏƳǑ,
7	0.737190	0.181567	0.803541	0.195054	ǘǏǅǌǠǇǅǤ
7	0.810009	0.181567	0.827505	0.195054	ǒǅ
7	0.833988	0.181567	0.852430	0.195054	ǗǓ,
7	0.858898	0.181567	0.882064	0.195054	ǜǗǓ
7	0.147010	0.195423	0.208091	0.208910	ǔǕǓǇǓǉǅ
7	0.211890	0.195423	0.295162	0.208910	ǘǔǕǅǇǐǊǒǍǤ
7	0.298937	0.195423	0.315844	0.208910	ǒǊ
7	0.319636	0.195423	0.386635	0.208910	ǌǅǑǏǒǘǗǠ
7	0.390410	0.195423	0.463559	0.208910	ǒǅǏǓǕǓǗǏǓ
7	0.467361	0.195423	0.513219	0.208910	ǑǊǋǉǘ
7	0.517002	0.195423	0.563171	0.208910	ǖǓǆǓǎ.
7	0.117608	0.223136	0.128717	0.236623	c.
7	0.147010	0.223136	0.232408	0.236623	ƴǓǉǏǐǣǜǍǗǡ
7	0.241047	0.223136	0.269832	0.236623	Ǟǘǔ
7	0.278469	0.223136	0.369959	0.236623	ǑǘǐǡǗǍǑǊǗǕǅ
7	0.378567	0.223136	0.385575	0.236623	Ǐ
7	0.394199	0.223136	0.468815	0.236623	ǔǕǓǇǓǉǅǑ,
7	0.477456	0.223136	0.572963	0.236623	ǓǗǏǐǣǜǊǒǒǠǑ
7	0.581588	0.223136	0.596794	0.236623	ǓǗ
7	0.605420	0.223136	0.676491	0.236623	ǔǓǐǣǖǒǠǚ
7	0.685132	0.223136	0.746638	0.236623	ǇǠǇǓǉǓǇ
7	0.755289	0.223136	0.812280	0.236623	ǉǅǗǜǍǏǅ
7	0.820903	0.223136	0.829560	0.236623	+
7	0.838186	0.223136	0.846942	0.236623	Ǎ
7	0.855582	0.223136	0.864695	0.236623	-,
7	0.873335	0.223136	0.882090	0.236623	Ǎ
7	0.147026	0.236993	0.221544	0.250480	ǔǕǓǇǊǕǍǗǡ
7	0.226118	0.236993	0.337012	0.250480	ǖǓǔǕǓǗǍǇǐǊǒǍǊ.
7	0.341570	0.236993	0.418799	0.250480	ƴǓǏǅǌǅǒǍǊ
7	0.423373	0.236993	0.530380	0.250480	ǖǓǔǕǓǗǍǇǐǊǒǍǤ
7	0.534937	0.236993	0.587828	0.250480	ǉǓǐǋǒǓ
7	0.592402	0.236993	0.671901	0.250480	ǔǕǊǇǠǝǅǗǡ
7	0.676483	0.236993	0.702462	0.250480	100
7	0.707004	0.236993	0.738350	0.250480	ǏƳǑ,
7	0.742924	0.236993	0.809274	0.250480	ǘǏǅǌǠǇǅǤ
7	0.813848	0.236993	0.831344	0.250480	ǒǅ
7	0.835899	0.236993	0.854341	0.250480	ǗǓ,
7	0.858915	0.236993	0.882080	0.250480	ǜǗǓ
7	0.147026	0.250849	0.208107	0.264336	ǔǕǓǇǓǉǅ
7	0.211907	0.250849	0.295178	0.264336	ǘǔǕǅǇǐǊǒǍǤ
7	0.298953	0.250849	0.315861	0.264336	ǒǊ
7	0.319652	0.250849	0.386651	0.264336	ǌǅǑǏǒǘǗǠ
7	0.390426	0.250849	0.463575	0.264336	ǒǅǏǓǕǓǗǏǓ
7	0.467378	0.250849	0.513235	0.264336	ǑǊǋǉǘ
7	0.517018	0.250849	0.563187	0.264336	ǖǓǆǓǎ.
7	0.088221	0.277845	0.100117	0.291333	6.
7	0.117634	0.277845	0.143038	0.291333	ƩǐǤ
7	0.146830	0.277845	0.214196	0.291333	ǔǕǓǇǊǕǏǍ
7	0.217986	0.277845	0.272039	0.291333	ǓǆǕǠǇǅ
7	0.275828	0.277845	0.344898	0.291333	ǔǕǓǇǓǉǓǇ
7	0.348686	0.277845	0.431961	0.291333	ǘǔǕǅǇǐǊǒǍǤ
7	0.435744	0.277845	0.481604	0.291333	ǑǊǋǉǘ
7	0.485395	0.277845	0.552537	0.291333	ǉǅǗǜǍǏǓǑ
7	0.556325	0.277845	0.565081	0.291333	Ǎ
7	0.568871	0.277845	0.629974	0.291333	ǔǅǒǊǐǡǣ
7	0.633761	0.277845	0.659096	0.291333	ICP:
7	0.088221	0.304842	0.194220	0.318329	ƴƵƭƱƪƼƥƲƭƪ:
7	0.198010	0.304842	0.259749	0.318329	ƶǑǓǗǕǍ
7	0.263530	0.304842	0.289369	0.318329	ƵǍǖ
7	0.293158	0.303710	0.313091	0.319784	18,
7	0.316884	0.304842	0.341481	0.318329	ǈǉǊ
7	0.345269	0.304842	0.427536	0.318329	ǔǕǍǇǊǉǊǒǠ
7	0.431346	0.304842	0.528017	0.318329	ǓǆǓǌǒǅǜǊǒǍǤ
7	0.531790	0.304842	0.619491	0.318329	ǏǓǒǗǅǏǗǓǇ
7	0.623250	0.304842	0.692054	0.318329	ǝǗǊǏǊǕǅ
7	0.695845	0.303710	0.722275	0.319784	CN.
7	0.092648	0.332554	0.104787	0.346042	a.
7	0.122056	0.332554	0.207457	0.346042	ƴǓǉǏǐǣǜǍǗǡ
7	0.214922	0.332554	0.243708	0.346042	Ǟǘǔ
7	0.251153	0.332554	0.342647	0.346042	ǑǘǐǡǗǍǑǊǗǕǅ
7	0.350062	0.332554	0.357070	0.346042	Ǐ
7	0.364519	0.332554	0.424655	0.346042	ǔǕǓǇǓǉǘ
7	0.432097	0.332554	0.518608	0.346042	ǘǔǕǅǇǐǊǒǍǤ,
7	0.526040	0.332554	0.627694	0.346042	ǓǗǏǐǣǜǊǒǒǓǑǘ
7	0.635143	0.332554	0.650349	0.346042	ǓǗ
7	0.657783	0.332554	0.773174	0.346042	ǔǓǐǓǋǍǗǊǐǡǒǓǈǓ
7	0.780618	0.332554	0.796205	0.346042	(+)
7	0.803639	0.332554	0.857161	0.346042	ǇǠǇǓǉǅ
7	0.117005	0.354085	0.173999	0.367573	ǉǅǗǜǍǏǅ
7	0.177415	0.354085	0.211761	0.367573	ǗǓǏǅ.
7	0.215206	0.354085	0.300619	0.367573	ƴǓǉǏǐǣǜǍǗǡ
7	0.304052	0.354085	0.353801	0.367573	ǇǗǓǕǓǎ
7	0.357212	0.354085	0.385998	0.367573	Ǟǘǔ
7	0.389402	0.354085	0.480896	0.367573	ǑǘǐǡǗǍǑǊǗǕǅ
7	0.484285	0.354085	0.491293	0.367573	Ǐ
7	0.494694	0.354085	0.630097	0.367573	ǖǓǓǗǇǊǗǖǗǇǘǣǞǊǑǘ
7	0.633500	0.354085	0.694610	0.367573	ǏǓǒǗǅǏǗǘ
7	0.698024	0.354085	0.721592	0.367573	CN.
7	0.725004	0.354085	0.823455	0.367573	ƭǖǔǓǐǡǌǓǇǅǗǡ
7	0.826871	0.354085	0.852145	0.367573	ƵǍǖ
7	0.117037	0.367703	0.137590	0.381190	15,
7	0.142369	0.367703	0.167643	0.381190	ƵǍǖ
7	0.172436	0.367703	0.189754	0.381190	16
7	0.194515	0.367703	0.219488	0.381190	ǍǐǍ
7	0.224282	0.367703	0.249556	0.381190	ƵǍǖ
7	0.254365	0.367703	0.274918	0.381190	17,
7	0.279683	0.367703	0.322204	0.381190	ǜǗǓǆǠ
7	0.326988	0.367703	0.409301	0.381190	ǓǔǕǊǉǊǐǍǗǡ
7	0.414087	0.367703	0.500613	0.381190	ǔǕǅǇǍǐǡǒǘǣ
7	0.505381	0.367703	0.572523	0.381190	ǔǕǓǇǓǉǏǘ
7	0.577326	0.367703	0.634319	0.381190	ǉǅǗǜǍǏǅ
7	0.639108	0.367703	0.670222	0.381190	ǗǓǏǅ
7	0.675033	0.367703	0.683788	0.381190	Ǎ
7	0.688576	0.367703	0.741739	0.381190	ǕǅǌǟǊǑ
7	0.746502	0.367703	0.770070	0.381190	CN.
7	0.774866	0.367703	0.852099	0.381190	ƴǓǏǅǌǅǒǍǊ
7	0.117037	0.381320	0.224049	0.394808	ǖǓǔǕǓǗǍǇǐǊǒǍǤ
7	0.231140	0.381320	0.284033	0.394808	ǉǓǐǋǒǓ
7	0.291139	0.381320	0.368405	0.394808	ǖǓǖǗǅǇǐǤǗǡ
7	0.375496	0.381320	0.407240	0.394808	ǒǘǐǡ
7	0.414324	0.381320	0.436618	0.394808	ǓǑ,
7	0.443708	0.381320	0.510061	0.394808	ǘǏǅǌǠǇǅǤ
7	0.517167	0.381320	0.534664	0.394808	ǒǅ
7	0.541751	0.381320	0.560194	0.394808	ǗǓ,
7	0.567280	0.381320	0.590446	0.394808	ǜǗǓ
7	0.597549	0.381320	0.649740	0.394808	ǔǕǓǇǓǉ
7	0.656831	0.381320	0.673740	0.394808	ǒǊ
7	0.680827	0.381320	0.744894	0.394808	ǓǆǓǕǇǅǒ,
7	0.751997	0.381320	0.760752	0.394808	Ǎ
7	0.767843	0.381320	0.852132	0.394808	ǓǆǊǖǔǊǜǊǒǓ
7	0.117037	0.394938	0.179732	0.408425	ǚǓǕǓǝǊǊ
7	0.183521	0.394938	0.268840	0.408425	ǖǓǊǉǍǒǊǒǍǊ
7	0.272630	0.394938	0.280503	0.408425	ǖ
7	0.284293	0.394938	0.356497	0.408425	ǏǓǒǗǅǏǗǓǑ
7	0.360295	0.394938	0.422362	0.408425	ǕǅǌǟǊǑǅ
7	0.426114	0.394938	0.449682	0.408425	CN.
7	0.086753	0.418375	0.098891	0.431862	b.
7	0.116155	0.418375	0.201554	0.431862	ƴǓǉǏǐǣǜǍǗǡ
7	0.210797	0.418375	0.239582	0.431862	Ǟǘǔ
7	0.248808	0.418375	0.340297	0.431862	ǑǘǐǡǗǍǑǊǗǕǅ
7	0.349510	0.418375	0.356517	0.431862	Ǐ
7	0.365746	0.418375	0.425880	0.431862	ǔǕǓǇǓǉǘ
7	0.435118	0.418375	0.521609	0.431862	ǘǔǕǅǇǐǊǒǍǤ,
7	0.530855	0.418375	0.632504	0.431862	ǓǗǏǐǣǜǊǒǒǓǑǘ
7	0.641733	0.418375	0.656939	0.431862	ǓǗ
7	0.666169	0.418375	0.719689	0.431862	ǇǠǇǓǉǅ
7	0.728926	0.418375	0.741406	0.431862	Ʊ
7	0.750635	0.418375	0.807626	0.431862	ǉǅǗǜǍǏǅ
7	0.816855	0.418375	0.851200	0.431862	ǗǓǏǅ.
7	0.116155	0.432231	0.201553	0.445718	ƴǓǉǏǐǣǜǍǗǡ
7	0.205766	0.432231	0.255513	0.445718	ǇǗǓǕǓǎ
7	0.259735	0.432231	0.288520	0.445718	Ǟǘǔ
7	0.292715	0.432231	0.384204	0.445718	ǑǘǐǡǗǍǑǊǗǕǅ
7	0.388385	0.432231	0.395393	0.445718	Ǐ
7	0.399591	0.432231	0.534987	0.445718	ǖǓǓǗǇǊǗǖǗǇǘǣǞǊǑǘ
7	0.539202	0.432231	0.600309	0.445718	ǏǓǒǗǅǏǗǘ
7	0.604507	0.432231	0.666571	0.445718	ǕǅǌǟǊǑǅ
7	0.670756	0.432231	0.694323	0.445718	CN.
7	0.698533	0.432231	0.796981	0.445718	ƭǖǔǓǐǡǌǓǇǅǗǡ
7	0.801190	0.432231	0.826463	0.445718	ƵǍǖ
7	0.830667	0.432231	0.851223	0.445718	15,
7	0.116155	0.446088	0.141428	0.459574	ƵǍǖ
7	0.148034	0.446088	0.165351	0.459574	16
7	0.171937	0.446088	0.196910	0.459574	ǍǐǍ
7	0.203512	0.446088	0.228785	0.459574	ƵǍǖ
7	0.235390	0.446088	0.255942	0.459574	17,
7	0.262528	0.446088	0.305047	0.459574	ǜǗǓǆǠ
7	0.311646	0.446088	0.393955	0.459574	ǓǔǕǊǉǊǐǍǗǡ
7	0.400555	0.446088	0.487077	0.459574	ǔǕǅǇǍǐǡǒǘǣ
7	0.493645	0.446088	0.560784	0.459574	ǔǕǓǇǓǉǏǘ
7	0.567395	0.446088	0.624386	0.459574	ǉǅǗǜǍǏǅ
7	0.630985	0.446088	0.662097	0.459574	ǗǓǏǅ
7	0.668701	0.446088	0.677456	0.459574	Ǎ
7	0.684056	0.446088	0.737216	0.459574	ǕǅǌǟǊǑ
7	0.743802	0.446088	0.767370	0.459574	CN.
7	0.773978	0.446088	0.851208	0.459574	ƴǓǏǅǌǅǒǍǊ
7	0.116155	0.459944	0.223162	0.473431	ǖǓǔǕǓǗǍǇǐǊǒǍǤ
7	0.230252	0.459944	0.283143	0.473431	ǉǓǐǋǒǓ
7	0.290248	0.459944	0.367510	0.473431	ǖǓǖǗǅǇǐǤǗǡ
7	0.374599	0.459944	0.406342	0.473431	ǒǘǐǡ
7	0.413426	0.459944	0.435719	0.473431	ǓǑ,
7	0.442812	0.459944	0.509163	0.473431	ǘǏǅǌǠǇǅǤ
7	0.516268	0.459944	0.533764	0.473431	ǒǅ
7	0.540851	0.459944	0.559293	0.473431	ǗǓ,
7	0.566382	0.459944	0.589548	0.473431	ǜǗǓ
7	0.596650	0.459944	0.648838	0.473431	ǔǕǓǇǓǉ
7	0.655928	0.459944	0.672835	0.473431	ǒǊ
7	0.679923	0.459944	0.743987	0.473431	ǓǆǓǕǇǅǒ,
7	0.751092	0.459944	0.759848	0.473431	Ǎ
7	0.766937	0.459944	0.851221	0.473431	ǓǆǊǖǔǊǜǊǒǓ
7	0.116155	0.473800	0.178847	0.487287	ǚǓǕǓǝǊǊ
7	0.182637	0.473800	0.267952	0.487287	ǖǓǊǉǍǒǊǒǍǊ
7	0.271741	0.473800	0.279614	0.487287	ǖ
7	0.283404	0.473800	0.355606	0.487287	ǏǓǒǗǅǏǗǓǑ
7	0.359408	0.473800	0.421473	0.487287	ǕǅǌǟǊǑǅ
7	0.425238	0.473800	0.448805	0.487287	CN.
7	0.086753	0.501513	0.097862	0.515000	c.
7	0.116155	0.501513	0.201554	0.515000	ƴǓǉǏǐǣǜǍǗǡ
7	0.209474	0.501513	0.238259	0.515000	Ǟǘǔ
7	0.246178	0.501513	0.337667	0.515000	ǑǘǐǡǗǍǑǊǗǕǅ
7	0.345557	0.501513	0.352564	0.515000	Ǐ
7	0.360470	0.501513	0.420604	0.515000	ǔǕǓǇǓǉǘ
7	0.428519	0.501513	0.515010	0.515000	ǘǔǕǅǇǐǊǒǍǤ,
7	0.522932	0.501513	0.624582	0.515000	ǓǗǏǐǣǜǊǒǒǓǑǘ
7	0.632488	0.501513	0.647694	0.515000	ǓǗ
7	0.655601	0.501513	0.769044	0.515000	ǓǗǕǍǛǅǗǊǐǡǒǓǈǓ
7	0.776963	0.501513	0.789772	0.515000	(-)
7	0.797693	0.501513	0.851213	0.515000	ǇǠǇǓǉǅ
7	0.116172	0.515370	0.173163	0.528857	ǉǅǗǜǍǏǅ
7	0.183078	0.515370	0.217422	0.528857	ǗǓǏǅ.
7	0.227344	0.515370	0.312742	0.528857	ƴǓǉǏǐǣǜǍǗǡ
7	0.322672	0.515370	0.372419	0.528857	ǇǗǓǕǓǎ
7	0.382342	0.515370	0.411126	0.528857	Ǟǘǔ
7	0.421038	0.515370	0.512527	0.528857	ǑǘǐǡǗǍǑǊǗǕǅ
7	0.522426	0.515370	0.529434	0.528857	Ǐ
7	0.539349	0.515370	0.674745	0.528857	ǖǓǓǗǇǊǗǖǗǇǘǣǞǊǑǘ
7	0.684660	0.515370	0.745767	0.528857	ǏǓǒǗǅǏǗǘ
7	0.755682	0.515370	0.817747	0.528857	ǕǅǌǟǊǑǅ
7	0.827649	0.515370	0.851216	0.528857	CN.
7	0.116172	0.529226	0.214619	0.542713	ƭǖǔǓǐǡǌǓǇǅǗǡ
7	0.221905	0.529226	0.247177	0.542713	ƵǍǖ
7	0.254485	0.529226	0.275037	0.542713	15,
7	0.282309	0.529226	0.307582	0.542713	ƵǍǖ
7	0.314874	0.529226	0.332192	0.542713	16
7	0.339464	0.529226	0.364436	0.542713	ǍǐǍ
7	0.371741	0.529226	0.397013	0.542713	ƵǍǖ
7	0.404305	0.529226	0.424857	0.542713	17,
7	0.432129	0.529226	0.474648	0.542713	ǜǗǓǆǠ
7	0.481949	0.529226	0.564259	0.542713	ǓǔǕǊǉǊǐǍǗǡ
7	0.571544	0.529226	0.658066	0.542713	ǔǕǅǇǍǐǡǒǘǣ
7	0.665336	0.529226	0.732476	0.542713	ǔǕǓǇǓǉǏǘ
7	0.739772	0.529226	0.796763	0.542713	ǉǅǗǜǍǏǅ
7	0.804065	0.529226	0.835177	0.542713	ǗǓǏǅ
7	0.842467	0.529226	0.851222	0.542713	Ǎ
7	0.116171	0.543083	0.169332	0.556569	ǕǅǌǟǊǑ
7	0.176653	0.543083	0.200220	0.556569	CN.
7	0.207564	0.543083	0.284794	0.556569	ƴǓǏǅǌǅǒǍǊ
7	0.292126	0.543083	0.399133	0.556569	ǖǓǔǕǓǗǍǇǐǊǒǍǤ
7	0.406468	0.543083	0.459359	0.556569	ǉǓǐǋǒǓ
7	0.466693	0.543083	0.543955	0.556569	ǖǓǖǗǅǇǐǤǗǡ
7	0.551289	0.543083	0.583032	0.556569	ǒǘǐǡ
7	0.590361	0.543083	0.612654	0.556569	ǓǑ,
7	0.620008	0.543083	0.686359	0.556569	ǘǏǅǌǠǇǅǤ
7	0.693693	0.543083	0.711189	0.556569	ǒǅ
7	0.718521	0.543083	0.736963	0.556569	ǗǓ,
7	0.744297	0.543083	0.767462	0.556569	ǜǗǓ
7	0.774793	0.543083	0.826982	0.556569	ǔǕǓǇǓǉ
7	0.834316	0.543083	0.851224	0.556569	ǒǊ
7	0.116171	0.556939	0.180235	0.570426	ǓǆǓǕǇǅǒ,
7	0.184018	0.556939	0.192774	0.570426	Ǎ
7	0.196563	0.556939	0.280847	0.570426	ǓǆǊǖǔǊǜǊǒǓ
7	0.284629	0.556939	0.347320	0.570426	ǚǓǕǓǝǊǊ
7	0.351110	0.556939	0.436425	0.570426	ǖǓǊǉǍǒǊǒǍǊ
7	0.440215	0.556939	0.448088	0.570426	ǖ
7	0.451877	0.556939	0.524079	0.570426	ǏǓǒǗǅǏǗǓǑ
7	0.527882	0.556939	0.589946	0.570426	ǕǅǌǟǊǑǅ
7	0.593711	0.556939	0.617278	0.570426	CN.
7	0.088288	0.583405	0.100183	0.596892	7.
7	0.117690	0.583405	0.203089	0.596892	ƴǓǉǏǐǣǜǍǗǡ
7	0.206909	0.583405	0.231215	0.596892	ǇǖǊ
7	0.235005	0.583405	0.296086	0.596892	ǔǕǓǇǓǉǅ
7	0.299885	0.583405	0.306893	0.596892	Ǐ
7	0.310682	0.583405	0.438565	0.596892	ǖǓǓǗǇǊǗǖǗǇǘǣǞǍǑ
7	0.442354	0.583405	0.513017	0.596892	ǝǔǍǐǡǏǅǑ
7	0.516807	0.583405	0.525562	0.596892	Ǎ
7	0.529352	0.583405	0.608917	0.596892	ǘǖǗǅǒǓǇǍǗǡ
7	0.612706	0.583405	0.704947	0.596892	ǍǌǇǐǊǜǊǒǒǠǊ
7	0.708704	0.583405	0.770197	0.596892	ǝǗǊǏǊǕǠ
7	0.773978	0.583405	0.797546	0.596892	CN,
7	0.088289	0.611118	0.100183	0.624605	8.
7	0.117691	0.611118	0.160872	0.624605	ƴǓǖǐǊ
7	0.176119	0.611118	0.243499	0.624605	ǔǕǓǇǊǕǓǏ
7	0.258739	0.611118	0.290743	0.624605	ǇǖǊǚ
7	0.305978	0.611118	0.370945	0.624605	ǉǅǗǜǍǏǓǇ
7	0.386196	0.611118	0.394952	0.624605	Ǎ
7	0.410192	0.611118	0.447604	0.624605	ǖǚǊǑ,
7	0.462838	0.611118	0.533762	0.624605	ǇǓǌǑǓǋǒǅ
7	0.549002	0.611118	0.656470	0.624605	ǒǊǍǖǔǕǅǇǒǓǖǗǡ
7	0.671674	0.611118	0.713660	0.624605	ǔǐǅǗǠ
7	0.728894	0.611118	0.812165	0.624605	ǘǔǕǅǇǐǊǒǍǤ
7	0.827390	0.611118	0.885940	0.624605	ǗǤǈǓǇǠǑ
7	0.117723	0.624974	0.254817	0.638461	ǢǐǊǏǗǕǓǉǇǍǈǅǗǊǐǊǑ
7	0.259243	0.624974	0.267901	0.638461	1
7	0.272331	0.624974	0.308155	0.638461	(ƷƱ1)
7	0.312577	0.624974	0.337549	0.638461	ǍǐǍ
7	0.341979	0.624974	0.383965	0.638461	ǔǐǅǗǠ
7	0.388385	0.624974	0.471657	0.638461	ǘǔǕǅǇǐǊǒǍǤ
7	0.476069	0.624974	0.534618	0.638461	ǗǤǈǓǇǠǑ
7	0.539071	0.624974	0.676164	0.638461	ǢǐǊǏǗǕǓǉǇǍǈǅǗǊǐǊǑ
7	0.680591	0.624974	0.689248	0.638461	2
7	0.693678	0.624974	0.729503	0.638461	(ƷƱ2)
7	0.733925	0.624974	0.784553	0.638461	ǔǅǒǊǐǍ
7	0.788975	0.624974	0.814305	0.638461	ICP.
7	0.818733	0.624974	0.885994	0.638461	ƬǅǑǊǒǍǗǡ
7	0.117740	0.638830	0.246031	0.652317	ǖǓǓǗǇǊǗǖǗǇǘǣǞǘǣ
7	0.249820	0.638830	0.292404	0.652317	ǔǐǅǗǘ.
8	0.290425	0.642640	0.316392	0.657114	Рис
8	0.321324	0.642299	0.344000	0.657784	18.
8	0.349755	0.642640	0.409270	0.657114	ICP/DSC
8	0.413180	0.642640	0.481633	0.657114	разъемы
8	0.485047	0.642640	0.511292	0.657114	CN,
8	0.517753	0.642640	0.611584	0.657114	внутренние
8	0.616516	0.642640	0.625832	0.657114	и
8	0.630763	0.642640	0.708009	0.657114	наружные
