0	0.804862	0.099444	0.909328	0.112931	GET-6903A_RU
0	0.120053	0.113301	0.164634	0.126788	ƴǓǍǖǏ
0	0.168348	0.113301	0.177568	0.126788	Ǎ
0	0.181282	0.113301	0.265932	0.126788	ǘǖǗǕǅǒǊǒǍǊ
0	0.269661	0.113301	0.388998	0.126788	ǒǊǍǖǔǕǅǇǒǓǖǗǊǎ
0	0.392712	0.113301	0.442736	0.126788	ǝǏǅǙǅ
0	0.446450	0.113301	0.532605	0.126788	ǘǔǕǅǇǐǊǒǍǤ
0	0.536349	0.113301	0.552821	0.126788	ǖǓ
0	0.556535	0.113301	0.638766	0.126788	ǖǉǇǓǊǒǒǠǑ
0	0.641952	0.113301	0.674575	0.126788	IGBT
0	0.678817	0.113301	0.766093	0.126788	ǍǒǇǊǕǗǊǕǓǑ
0	0.769312	0.113301	0.831544	0.126788	17KG535
0	0.835757	0.113301	0.844977	0.126788	Ǎ
0	0.865662	0.113301	0.885466	0.126788	.*
0	0.117608	0.139603	0.162955	0.155787	4.3.7.
0	0.176412	0.139603	0.224743	0.155787	ƦưƳƯ
0	0.229288	0.139603	0.316730	0.155787	ƴƭƷƥƲƭǄ
0	0.321279	0.139603	0.379515	0.155787	(GDPC)
0	0.384064	0.139603	0.431754	0.155787	(CYP2
0	0.436304	0.139603	0.449770	0.155787	ƭ
0	0.454319	0.139603	0.502009	0.155787	CYP4)
0	0.117608	0.170020	0.150081	0.183507	ƦǐǓǏ
0	0.159914	0.170020	0.217607	0.183507	ǔǍǗǅǒǍǤ
0	0.227457	0.170020	0.305274	0.183507	ǉǕǅǎǇǊǕǓǇ
0	0.315108	0.170020	0.361138	0.183507	(GDPC)
0	0.370972	0.170020	0.470107	0.183507	ǓǆǊǖǔǊǜǍǇǅǊǗ
0	0.479939	0.170020	0.589870	0.183507	ǍǌǓǐǍǕǓǇǅǒǒǓǊ
0	0.599703	0.170020	0.658050	0.183507	ǔǍǗǅǒǍǊ
0	0.667890	0.170020	0.693868	0.183507	100
0	0.703688	0.170020	0.712999	0.183507	Ƨ
0	0.722832	0.170020	0.817000	0.183507	ǔǊǕǊǑǊǒǒǓǈǓ
0	0.826817	0.170020	0.857930	0.183507	ǗǓǏǅ
0	0.867776	0.170020	0.885094	0.183507	25
0	0.894932	0.170020	0.911450	0.183507	ƨǛ
0	0.117591	0.183877	0.195409	0.197364	ǉǕǅǎǇǊǕǓǇ
0	0.199198	0.183877	0.258630	0.197364	ǏǅǋǉǓǈǓ
0	0.262445	0.183877	0.322311	0.197364	ǙǅǌǒǓǈǓ
0	0.326101	0.183877	0.380511	0.197364	ǑǓǉǘǐǤ,
0	0.384294	0.183877	0.435429	0.197364	ǜǓǔǔǊǕ
0	0.439217	0.183877	0.490393	0.197364	ǑǓǉǘǐǤ
0	0.494182	0.183877	0.502938	0.197364	Ǎ
0	0.506727	0.183877	0.557862	0.197364	ǜǓǔǔǊǕ
0	0.561644	0.183877	0.606126	0.197364	ǉǍǓǉǅ
0	0.609945	0.183877	0.618063	0.197364	Ǉ
0	0.621853	0.183877	0.689080	0.197364	ǔǕǊǉǊǐǅǚ
0	0.692859	0.183877	0.740506	0.197364	ǝǏǅǙǅ
0	0.744296	0.183877	0.830787	0.197364	ǘǔǕǅǇǐǊǒǍǤ.
0	0.117608	0.211590	0.167567	0.225076	ƧǒǘǗǕǍ
0	0.171577	0.211590	0.219224	0.225076	ǝǏǅǙǅ
0	0.223226	0.211590	0.306498	0.225076	ǘǔǕǅǇǐǊǒǍǤ
0	0.310501	0.211590	0.402121	0.225076	ǘǖǗǅǒǓǇǐǊǒǠ
0	0.406107	0.211590	0.432154	0.225076	ǉǇǅ
0	0.436162	0.211590	0.477074	0.225076	ǆǐǓǏǅ
0	0.481099	0.211590	0.538792	0.225076	ǔǍǗǅǒǍǤ
0	0.542794	0.211590	0.623845	0.225076	ǉǕǅǎǇǊǕǓǇ:
0	0.627864	0.211590	0.659874	0.225076	ǆǐǓǏ
0	0.663881	0.211590	0.721574	0.225076	ǔǍǗǅǒǍǤ
0	0.725591	0.211590	0.734248	0.225076	1
0	0.742279	0.211590	0.796976	0.225076	(GDPC1)
0	0.800960	0.211590	0.809715	0.225076	Ǎ
0	0.817736	0.211590	0.849746	0.225076	ǆǐǓǏ
0	0.853769	0.211590	0.911463	0.225076	ǔǍǗǅǒǍǤ
0	0.117608	0.225446	0.126265	0.238933	2
0	0.135487	0.225446	0.193421	0.238933	(GDPC2).
0	0.198034	0.225446	0.245802	0.238933	GDPC1
0	0.250374	0.225446	0.349510	0.238933	ǓǆǊǖǔǊǜǍǇǅǊǗ
0	0.354098	0.225446	0.412445	0.238933	ǔǍǗǅǒǍǊ
0	0.417051	0.225446	0.494868	0.238933	ǉǕǅǎǇǊǕǓǇ
0	0.499458	0.225446	0.553370	0.238933	ǙǅǌǒǠǚ
0	0.557969	0.225446	0.618553	0.238933	ǑǓǉǘǐǊǎ
0	0.623159	0.225446	0.698853	0.238933	ǍǒǇǊǕǗǓǕǅ
0	0.703466	0.225446	0.712123	0.238933	1
0	0.716740	0.225446	0.795880	0.238933	(ǍǒǇǊǕǗǓǕǅ
0	0.800494	0.225446	0.817812	0.238933	11
0	0.822407	0.225446	0.831162	0.238933	Ǎ
0	0.835769	0.225446	0.911463	0.238933	ǍǒǇǊǕǗǓǕǅ
0	0.117608	0.239302	0.141619	0.252789	12),
0	0.146095	0.239302	0.197230	0.252789	ǜǓǔǔǊǕ
0	0.201697	0.239302	0.252873	0.252789	ǑǓǉǘǐǤ
0	0.257351	0.239302	0.266008	0.252789	1
0	0.270485	0.239302	0.311272	0.252789	(CM1),
0	0.315750	0.239302	0.366885	0.252789	ǜǓǔǔǊǕ
0	0.371364	0.239302	0.422539	0.252789	ǑǓǉǘǐǤ
0	0.427017	0.239302	0.435674	0.252789	2
0	0.440151	0.239302	0.480938	0.252789	(CM2),
0	0.485416	0.239302	0.536551	0.252789	ǜǓǔǔǊǕ
0	0.541013	0.239302	0.585495	0.252789	ǉǍǓǉǅ
0	0.590000	0.239302	0.598658	0.252789	1
0	0.603135	0.239302	0.638669	0.252789	(CD1)
0	0.643136	0.239302	0.651892	0.252789	Ǎ
0	0.656384	0.239302	0.707519	0.252789	ǜǓǔǔǊǕ
0	0.711986	0.239302	0.756468	0.252789	ǉǍǓǉǅ
0	0.760973	0.239302	0.769631	0.252789	2
0	0.774108	0.239302	0.812878	0.252789	(CD2),
0	0.817343	0.239302	0.840257	0.252789	ǏǅǏ
0	0.844720	0.239302	0.911479	0.252789	ǔǓǏǅǌǅǒǓ
0	0.117624	0.253159	0.135120	0.266646	ǒǅ
0	0.139953	0.253159	0.165226	0.266646	ƵǍǖ
0	0.170076	0.253159	0.190628	0.266646	34.
0	0.195477	0.253159	0.243246	0.266646	GDPC2
0	0.248055	0.253159	0.347190	0.266646	ǓǆǊǖǔǊǜǍǇǅǊǗ
0	0.352007	0.253159	0.410354	0.266646	ǔǍǗǅǒǍǊ
0	0.415189	0.253159	0.493006	0.266646	ǉǕǅǎǇǊǕǓǇ
0	0.497841	0.253159	0.551753	0.266646	ǙǅǌǒǠǚ
0	0.556596	0.253159	0.617181	0.266646	ǑǓǉǘǐǊǎ
0	0.622016	0.253159	0.697710	0.266646	ǍǒǇǊǕǗǓǕǅ
0	0.702551	0.253159	0.711209	0.266646	2
0	0.716053	0.253159	0.795194	0.266646	(ǍǒǇǊǕǗǓǕǅ
0	0.800053	0.253159	0.817371	0.266646	21
0	0.822195	0.253159	0.830950	0.266646	Ǎ
0	0.835785	0.253159	0.911479	0.266646	ǍǒǇǊǕǗǓǕǅ
0	0.117624	0.267015	0.141636	0.280502	22),
0	0.145425	0.267015	0.168339	0.280502	ǏǅǏ
0	0.172127	0.267015	0.238886	0.280502	ǔǓǏǅǌǅǒǓ
0	0.242676	0.267015	0.260172	0.280502	ǒǅ
0	0.263963	0.267015	0.289235	0.280502	ƵǍǖ
0	0.293028	0.267015	0.313584	0.280502	36.
0	0.117624	0.294728	0.190214	0.308215	ƴǕǓǇǊǕǏǍ
0	0.194006	0.294728	0.233339	0.308215	CYP2:
0	0.117624	0.322441	0.129519	0.335928	1.
0	0.147026	0.322441	0.221119	0.335928	ƬǅǈǐǘǝǍǗǡ
0	0.226902	0.322441	0.303347	0.335928	ǉǍǌǊǐǡǒǠǎ
0	0.309156	0.322441	0.380603	0.335927	ǉǇǍǈǅǗǊǐǡ
0	0.386397	0.322441	0.463495	0.335927	ǖǅǑǓǖǇǅǐǅ
0	0.469266	0.322441	0.478021	0.335927	Ǎ
0	0.483804	0.322441	0.556329	0.335927	ǘǆǊǉǍǗǡǖǤ
0	0.562111	0.322441	0.570230	0.335927	Ǉ
0	0.576012	0.322441	0.653421	0.335927	ǓǗǖǘǗǖǗǇǍǍ
0	0.659203	0.322441	0.745448	0.335927	ǒǅǔǕǤǋǊǒǍǤ
0	0.751215	0.322441	0.759334	0.335927	Ǉ
0	0.765116	0.322441	0.822982	0.335927	ǖǍǖǗǊǑǊ
0	0.828755	0.322441	0.915246	0.335927	ǘǔǕǅǇǐǊǒǍǤ,
0	0.146987	0.336297	0.200409	0.349784	ǔǕǊǋǉǊ
0	0.212668	0.336297	0.239234	0.349784	ǜǊǑ
0	0.251479	0.336297	0.307343	0.349784	ǓǗǏǕǠǗǡ
0	0.319610	0.336297	0.401620	0.349784	ǏǅǏǘǣ-ǐǍǆǓ
0	0.413892	0.336297	0.455986	0.349784	ǉǇǊǕǡ
0	0.468253	0.336297	0.525816	0.349784	ǉǓǖǗǘǔǅ
0	0.538083	0.336297	0.563055	0.349784	ǍǐǍ
0	0.575326	0.336297	0.628152	0.349784	ǔǅǒǊǐǡ.
0	0.640419	0.336297	0.715557	0.349784	ƧǠǔǓǐǒǤǗǡ
0	0.727824	0.336297	0.807795	0.349784	ǔǕǓǛǊǉǘǕǠ
0	0.820049	0.336297	0.915230	0.349784	ǗǊǚǒǍǜǊǖǏǓǈǓ
0	0.146971	0.350153	0.248849	0.363640	ǓǆǖǐǘǋǍǇǅǒǍǤ
0	0.252639	0.350153	0.276794	0.363640	ǉǐǤ
0	0.280582	0.350153	0.322365	0.363640	ǕǅǆǓǗ
0	0.326155	0.350153	0.374922	0.363640	ǇǒǘǗǕǍ
0	0.378708	0.350153	0.426356	0.363640	ǝǏǅǙǅ
0	0.430145	0.350153	0.516636	0.363640	ǘǔǕǅǇǐǊǒǍǤ.
0	0.117569	0.377866	0.129464	0.391353	2.
0	0.146971	0.377866	0.228527	0.391353	ƵǅǌǓǑǏǒǘǗǡ
0	0.233217	0.377866	0.259659	0.391353	Ǔǆǅ
0	0.264399	0.377866	0.378610	0.391353	ǅǇǗǓǑǅǗǍǜǊǖǏǍǚ
0	0.383314	0.377866	0.474722	0.391353	ǇǠǏǐǣǜǅǗǊǐǤ
0	0.479426	0.377866	0.506888	0.391353	CB1
0	0.511605	0.377866	0.520360	0.391353	Ǎ
0	0.525068	0.377866	0.552529	0.391353	CB2
0	0.557239	0.377866	0.605032	0.391353	(ƳƷƯư.)
0	0.609751	0.377866	0.660976	0.391353	(GDPC1
0	0.665688	0.377866	0.690660	0.391353	ǍǐǍ
0	0.695361	0.377866	0.746594	0.391353	GDPC2)
0	0.751313	0.377866	0.760069	0.391353	Ǎ
0	0.764773	0.377866	0.837298	0.391353	ǘǆǊǉǍǗǡǖǤ
0	0.842002	0.377866	0.850120	0.391353	Ǉ
0	0.854841	0.377866	0.883569	0.391353	ǗǓǑ,
0	0.888278	0.377866	0.911443	0.391353	ǜǗǓ
0	0.146987	0.391723	0.210734	0.405210	ǕǅǌǟǊǑǠ
0	0.215262	0.391723	0.259411	0.405210	,ǆǐǓǏǅ
0	0.263975	0.391723	0.321668	0.405210	ǔǍǗǅǒǍǤ
0	0.326209	0.391723	0.350364	0.405210	ǉǐǤ
0	0.354909	0.391723	0.386913	0.405210	ǇǖǊǚ
0	0.391465	0.391723	0.465820	0.405210	ǘǖǗǕǓǎǖǗǇ,
0	0.470361	0.391723	0.560184	0.405210	ǔǓǐǘǜǅǣǞǍǚ
0	0.564725	0.391723	0.623071	0.405210	ǔǍǗǅǒǍǊ
0	0.627629	0.391723	0.642835	0.405210	ǓǗ
0	0.647374	0.391723	0.686479	0.405210	GDPC
0	0.691020	0.391723	0.753492	0.405210	ǒǅǉǊǋǒǓ
0	0.758043	0.391723	0.874573	0.405210	ǌǅǙǍǏǖǍǕǓǇǅǒǠ.
0	0.879114	0.391723	0.911445	0.405210	ƪǖǐǍ
0	0.146987	0.405579	0.226059	0.419066	ǓǆǒǅǕǘǋǊǒ
0	0.230995	0.405579	0.247903	0.419066	ǒǊ
0	0.252835	0.405579	0.325376	0.419066	ǌǅǗǤǒǘǗǠǎ
0	0.330325	0.405579	0.386696	0.419066	ǕǅǌǟǊǑ,
0	0.391661	0.405579	0.467388	0.419066	ǔǓǐǒǓǖǗǡǣ
0	0.472337	0.405579	0.528609	0.419066	ǘǉǅǐǍǗǡ
0	0.533542	0.405579	0.560560	0.419066	ǊǈǓ,
0	0.565509	0.405579	0.640027	0.419066	ǔǕǓǇǊǕǍǗǡ
0	0.644976	0.405579	0.670830	0.419066	ǓǆǊ
0	0.675783	0.405579	0.735714	0.419066	ǖǗǓǕǓǒǠ
0	0.740663	0.405579	0.825325	0.419066	ǖǓǊǉǍǒǊǒǍǤ
0	0.830258	0.405579	0.847754	0.419066	ǒǅ
0	0.852701	0.405579	0.911440	0.419066	ǒǅǐǍǜǍǊ
0	0.146987	0.419436	0.230228	0.432922	ǙǍǌǍǜǊǖǏǍǚ
0	0.233674	0.419436	0.333314	0.432922	ǔǓǇǕǊǋǉǊǒǍǎ,
0	0.336761	0.419436	0.431305	0.432922	ǔǕǓǇǅǐǊǒǒǠǚ
0	0.434735	0.419436	0.504764	0.432922	ǏǓǒǗǅǏǗǓǇ
0	0.508224	0.419436	0.533196	0.432922	ǍǐǍ
0	0.536646	0.419436	0.586221	0.432922	ǖǐǊǉǓǇ
0	0.589684	0.419436	0.658779	0.432922	ǍǖǏǕǊǒǍǤ.
0	0.662225	0.419436	0.671536	0.432922	Ƨ
0	0.674982	0.419436	0.723455	0.432922	ǖǐǘǜǅǊ
0	0.726893	0.419436	0.826240	0.432922	ǓǆǒǅǕǘǋǊǒǍǊ,
0	0.829703	0.419436	0.911440	0.432922	ǔǕǓǍǌǇǊǖǗǍ
0	0.146987	0.433292	0.238199	0.446779	ǒǅǉǐǊǋǅǞǍǎ
0	0.241988	0.433292	0.296529	0.446779	ǕǊǑǓǒǗ.
0	0.117585	0.461005	0.129480	0.474492	3.
0	0.146987	0.461005	0.261377	0.474492	ƵǅǌǆǐǓǏǍǕǓǇǅǗǡ
0	0.265151	0.461005	0.273906	0.474492	Ǎ
0	0.277679	0.461005	0.333951	0.474492	ǘǉǅǐǍǗǡ
0	0.337725	0.461005	0.390885	0.474492	ǕǅǌǟǊǑ
0	0.394650	0.461005	0.435562	0.474492	ǆǐǓǏǅ
0	0.439341	0.461005	0.497035	0.474492	ǔǍǗǅǒǍǤ
0	0.500808	0.461005	0.516781	0.474492	Ǎǌ
0	0.520556	0.461005	0.602980	0.474492	ǔǓǖǐǊǉǒǊǈǓ
0	0.606753	0.461005	0.666619	0.474492	ǙǅǌǒǓǈǓ
0	0.670392	0.461005	0.721568	0.474492	ǑǓǉǘǐǤ
0	0.725342	0.461005	0.733460	0.474492	Ǉ
0	0.737233	0.461005	0.790222	0.474492	ǔǊǕǇǓǑ
0	0.793995	0.461005	0.849974	0.474492	ǏǓǒǗǘǕǊ
0	0.853747	0.461005	0.911440	0.474492	ǔǍǗǅǒǍǤ
0	0.146987	0.474861	0.189320	0.488348	GDPC.
0	0.193442	0.474861	0.218846	0.488348	ƩǐǤ
0	0.222973	0.474861	0.270742	0.488348	GDPC1
0	0.274870	0.474861	0.305567	0.488348	CB1,
0	0.309662	0.474861	0.365225	0.488348	ǍǌǇǐǊǜǡ
0	0.369348	0.474861	0.422509	0.488348	ǕǅǌǟǊǑ
0	0.426628	0.474861	0.465733	0.488348	GDPC
0	0.469854	0.474861	0.485828	0.488348	Ǎǌ
0	0.489946	0.474861	0.549811	0.488348	ǙǅǌǒǓǈǓ
0	0.553944	0.474861	0.605120	0.488348	ǑǓǉǘǐǤ
0	0.609235	0.474861	0.656433	0.488348	P11A+,
0	0.660543	0.474861	0.683457	0.488348	ǏǅǏ
0	0.687593	0.474861	0.754352	0.488348	ǔǓǏǅǌǅǒǓ
0	0.758468	0.474861	0.775964	0.488348	ǒǅ
0	0.780095	0.474861	0.805367	0.488348	ƵǍǖ
0	0.809490	0.474861	0.830042	0.488348	34.
0	0.834165	0.474861	0.859569	0.488348	ƩǐǤ
0	0.863686	0.474861	0.911448	0.488348	GDPC2
0	0.146987	0.488718	0.177680	0.502205	CB1,
0	0.181469	0.488718	0.237033	0.502205	ǍǌǇǐǊǜǡ
0	0.240812	0.488718	0.293973	0.502205	ǕǅǌǟǊǑ
0	0.297740	0.488718	0.336844	0.502205	GDPC
0	0.340635	0.488718	0.356609	0.502205	Ǎǌ
0	0.360397	0.488718	0.420263	0.502205	ǙǅǌǒǓǈǓ
0	0.424052	0.488718	0.475228	0.502205	ǑǓǉǘǐǤ
0	0.479019	0.488718	0.526218	0.502205	P21A+,
0	0.529981	0.488718	0.552895	0.502205	ǏǅǏ
0	0.556683	0.488718	0.623442	0.502205	ǔǓǏǅǌǅǒǓ
0	0.627232	0.488718	0.644728	0.502205	ǒǅ
0	0.648519	0.488718	0.673792	0.502205	ƵǍǖ
0	0.677584	0.488718	0.698140	0.502205	36.
0	0.117585	0.516431	0.129480	0.529917	4.
0	0.146987	0.516431	0.212140	0.529917	ƬǅǑǏǒǘǗǡ
0	0.215919	0.516431	0.331191	0.529917	ǅǇǗǓǑǅǗǍǜǊǖǏǍǎ
0	0.334981	0.516431	0.426454	0.529917	ǇǠǏǐǣǜǅǗǊǐǡ
0	0.430243	0.516431	0.457698	0.529917	ƶƧ1
0	0.461491	0.516431	0.500601	0.529917	GDPC
0	0.504394	0.516431	0.542933	0.529917	(ƧƯư.)
0	0.546719	0.516431	0.572972	0.529917	ǔǕǍ
0	0.576763	0.516431	0.663368	0.529917	ǇǏǐǣǜǊǒǒǓǑ
0	0.667158	0.516431	0.725946	0.529917	ǔǍǗǅǒǍǍ
0	0.729735	0.516431	0.744941	0.529917	ǓǗ
0	0.748729	0.516431	0.857206	0.529917	ǅǏǏǘǑǘǐǤǗǓǕǓǇ.
0	0.117585	0.544143	0.129480	0.557630	5.
0	0.146987	0.544143	0.221097	0.557630	ƭǖǔǓǐǡǌǘǤ
0	0.226095	0.544143	0.308666	0.557630	ǑǘǐǡǗǍǑǊǗǕ
0	0.313669	0.544143	0.349268	0.557630	VOM,
0	0.354288	0.544143	0.463258	0.557630	ǘǖǗǅǒǓǇǐǊǒǒǠǎ
0	0.468221	0.544143	0.485717	0.557630	ǒǅ
0	0.490713	0.544143	0.568184	0.557630	ǍǌǑǊǕǊǒǍǊ
0	0.573158	0.544143	0.599137	0.557630	100
0	0.604123	0.544143	0.613434	0.557630	Ƨ
0	0.618432	0.544143	0.712601	0.557630	ǔǊǕǊǑǊǒǒǓǈǓ
0	0.717566	0.544143	0.751911	0.557630	ǗǓǏǅ,
0	0.756932	0.544143	0.823332	0.557630	ǍǌǑǊǕǍǗǡ
0	0.828347	0.544143	0.915244	0.557630	ǒǅǔǕǤǋǊǒǍǊ
0	0.146987	0.558000	0.164483	0.571487	ǒǅ
0	0.171816	0.558000	0.241565	0.571487	ǏǓǒǗǅǏǗǅǚ
0	0.248904	0.558000	0.257562	0.571487	2
0	0.264902	0.558000	0.273658	0.571487	Ǎ
0	0.280993	0.558000	0.289651	0.571487	3
0	0.296970	0.558000	0.395843	0.571487	ǓǗǏǐǣǜǊǒǒǓǈǓ
0	0.403177	0.558000	0.451298	0.571487	ǏǅǆǊǐǤ
0	0.458634	0.558000	0.500966	0.571487	GDPC.
0	0.508306	0.558000	0.560952	0.571487	ƶǑǓǗǕǍ
0	0.568286	0.558000	0.593558	0.571487	ƵǍǖ
0	0.600896	0.558000	0.621448	0.571487	37,
0	0.628772	0.558000	0.652810	0.571487	ǈǉǊ
0	0.660151	0.558000	0.737543	0.571487	ǔǕǍǇǊǉǊǒǓ
0	0.744878	0.558000	0.837837	0.571487	ǓǆǓǌǒǅǜǊǒǍǊ
0	0.845155	0.558000	0.915184	0.571487	ǏǓǒǗǅǏǗǓǇ
0	0.146971	0.571856	0.209035	0.585343	ǕǅǌǟǊǑǅ
0	0.217323	0.571856	0.265445	0.585343	ǏǅǆǊǐǤ
0	0.273757	0.571856	0.316090	0.585343	GDPC.
0	0.324428	0.571856	0.401658	0.585343	ƴǓǏǅǌǅǒǍǊ
0	0.409974	0.571856	0.442342	0.585343	VOM
0	0.450655	0.571856	0.503546	0.585343	ǉǓǐǋǒǓ
0	0.511883	0.571856	0.589145	0.585343	ǖǓǖǗǅǇǐǤǗǡ
0	0.597459	0.571856	0.612665	0.585343	ǓǗ
0	0.620977	0.571856	0.638295	0.585343	95
0	0.646609	0.571856	0.664411	0.585343	ǉǓ
0	0.672735	0.571856	0.698713	0.585343	105
0	0.707031	0.571856	0.716341	0.585343	Ƨ
0	0.724639	0.571856	0.818807	0.585343	ǔǊǕǊǑǊǒǒǓǈǓ
0	0.827089	0.571856	0.858201	0.585343	ǗǓǏǅ
0	0.866529	0.571856	0.878902	0.585343	(ǅ
0	0.887216	0.571856	0.911371	0.585343	ǉǐǤ
0	0.146938	0.585713	0.246399	0.599200	ǑǘǐǡǗǍǑǊǗǕǓǇ
0	0.250303	0.585713	0.258176	0.599200	ǖ
0	0.266000	0.585713	0.335204	0.599200	ǙǘǒǏǛǍǊǎ
0	0.339097	0.585713	0.415915	0.599200	ǍǌǑǊǕǊǒǍǤ
0	0.419789	0.585713	0.479982	0.599200	ǜǅǖǗǓǗǠ,
0	0.483902	0.585713	0.499108	0.599200	ǓǗ
0	0.506991	0.585711	0.536202	0.599198	22,5
0	0.544005	0.585711	0.561806	0.599198	ǉǓ
0	0.569607	0.585711	0.598818	0.599198	27,5
0	0.606647	0.585711	0.629859	0.599198	ƨǛ).
0	0.637666	0.585711	0.646977	0.599198	Ƨ
0	0.654801	0.585711	0.703274	0.599198	ǖǐǘǜǅǊ
0	0.707153	0.585711	0.814356	0.599198	ǍǖǔǓǐǡǌǓǇǅǒǍǤ
0	0.818277	0.585711	0.899639	0.599198	ǇǓǐǡǗǑǊǗǕǅ
0	0.903543	0.585711	0.911416	0.599198	ǖ
0	0.147012	0.599568	0.251340	0.613055	ǇǓǌǑǓǋǒǓǖǗǡǣ
0	0.256796	0.599568	0.333613	0.613055	ǍǌǑǊǕǊǒǍǤ
0	0.339040	0.599568	0.412284	0.613055	ǍǖǗǍǒǒǓǈǓ
0	0.417739	0.599568	0.575612	0.613055	ǖǕǊǉǒǊǏǇǅǉǕǅǗǍǜǒǓǈǓ
0	0.581068	0.599568	0.650293	0.613055	ǌǒǅǜǊǒǍǤ,
0	0.655732	0.599568	0.730789	0.613055	ǔǓǏǅǌǅǒǍǊ
0	0.736229	0.599568	0.789120	0.613055	ǉǓǐǋǒǓ
0	0.794575	0.599568	0.871837	0.613055	ǖǓǖǗǅǇǐǤǗǡ
0	0.877293	0.599568	0.892499	0.613055	ǓǗ
0	0.897946	0.599568	0.915264	0.613055	89
0	0.147012	0.613424	0.164813	0.626911	ǉǓ
0	0.173516	0.613424	0.190834	0.626911	92
0	0.199543	0.613424	0.208854	0.626911	Ƨ
0	0.217560	0.613424	0.311729	0.626911	ǔǊǕǊǑǊǒǒǓǈǓ
0	0.320402	0.613424	0.354747	0.626911	ǗǓǏǅ,
0	0.363460	0.613424	0.459686	0.626911	ǖǕǊǉǒǊǏǇǅǉǕ.
0	0.468392	0.613424	0.545083	0.626911	ƴǕǓǇǊǕǍǗǡ
0	0.553789	0.613424	0.577569	0.626911	ǗǍǔ
0	0.586278	0.613424	0.680985	0.626911	ǑǘǐǡǗǍǑǊǗǕǅ,
0	0.689692	0.613424	0.796895	0.626911	ǍǖǔǓǐǡǌǘǊǑǓǈǓ
0	0.805601	0.613424	0.829756	0.626911	ǉǐǤ
0	0.838466	0.613424	0.915284	0.626911	ǍǌǑǊǕǊǒǍǤ
0	0.147028	0.627281	0.236492	0.640768	ǒǅǔǕǤǋǊǒǍǤ.
0	0.117626	0.654994	0.129521	0.668481	6.
0	0.147028	0.654994	0.179359	0.668481	ƪǖǐǍ
0	0.187603	0.654994	0.262006	0.668481	ǔǓǏǅǌǅǒǍǤ
0	0.270272	0.654994	0.347292	0.668481	ǇǠǚǓǉǒǓǈǓ
0	0.355554	0.654994	0.441798	0.668481	ǒǅǔǕǤǋǊǒǍǤ
0	0.450019	0.654993	0.489124	0.668480	GDPC
0	0.497389	0.654993	0.559466	0.668480	ǖǐǍǝǏǓǑ
0	0.567725	0.654993	0.616361	0.668480	ǒǍǌǏǍǊ
0	0.624618	0.654993	0.649590	0.668480	ǍǐǍ
0	0.657859	0.654993	0.746882	0.668480	ǓǗǖǘǗǖǗǇǘǣǗ,
0	0.755130	0.654993	0.827655	0.668480	ǘǆǊǉǍǗǡǖǤ
0	0.835921	0.654993	0.844039	0.668480	Ǉ
0	0.852288	0.654993	0.911468	0.668480	ǒǅǐǍǜǍǍ
0	0.147015	0.668849	0.213452	0.682336	ǇǚǓǉǒǓǈǓ
0	0.218151	0.668849	0.304396	0.682336	ǒǅǔǕǤǋǊǒǍǤ
0	0.309069	0.668849	0.366762	0.682336	ǔǍǗǅǒǍǤ
0	0.371467	0.668849	0.386672	0.682336	ǓǗ
0	0.391362	0.668849	0.496605	0.682336	ǅǏǏǘǑǘǐǤǗǓǕǓǇ
0	0.501293	0.668849	0.518789	0.682336	ǒǅ
0	0.523475	0.668849	0.593223	0.682336	ǏǓǒǗǅǏǗǅǚ
0	0.597923	0.668849	0.606580	0.682336	1
0	0.611283	0.668849	0.620038	0.682336	Ǎ
0	0.624726	0.668849	0.633383	0.682336	3
0	0.638075	0.668849	0.700139	0.682336	ǕǅǌǟǊǑǅ
0	0.704801	0.668849	0.720679	0.682336	J1
0	0.725382	0.668849	0.764492	0.682336	GDPC
0	0.769194	0.668849	0.810300	0.682336	(BATT)
0	0.814964	0.668849	0.911468	0.682336	ǓǗǒǓǖǍǗǊǐǡǒǓ
0	0.147015	0.682706	0.217044	0.696193	ǏǓǒǗǅǏǗǓǇ
0	0.222261	0.682706	0.230918	0.696193	5
0	0.236086	0.682706	0.244842	0.696193	Ǎ
0	0.250036	0.682706	0.258693	0.696193	7
0	0.263891	0.682706	0.325955	0.696193	ǕǅǌǟǊǑǅ
0	0.331122	0.682706	0.346999	0.696193	J1
0	0.352195	0.682706	0.390042	0.696193	(RTN).
0	0.395238	0.682706	0.478691	0.696193	ƳǋǍǉǅǊǑǓǊ
0	0.483880	0.682706	0.543165	0.696193	ǇǚǓǉǒǓǊ
0	0.548352	0.682706	0.638453	0.696193	ǒǅǔǕǤǋǊǒǍǊ:
0	0.643651	0.682706	0.660967	0.696193	18
0	0.666165	0.682706	0.672045	0.696193	-
0	0.677243	0.682706	0.694559	0.696193	32
0	0.699740	0.682706	0.709051	0.696193	Ƨ
0	0.714245	0.682706	0.803774	0.696193	ǔǓǖǗǓǤǒǒǓǈǓ
0	0.808952	0.682706	0.843297	0.696193	ǗǓǏǅ.
0	0.848498	0.682706	0.857809	0.696193	Ƨ
0	0.863003	0.682706	0.911476	0.696193	ǖǐǘǜǅǊ
0	0.147015	0.696562	0.205100	0.710049	ǒǅǐǍǜǍǤ
0	0.213137	0.696562	0.310621	0.710049	ǒǅǉǐǊǋǅǞǊǈǓ
0	0.318641	0.696562	0.376334	0.710049	ǔǍǗǅǒǍǤ
0	0.384371	0.696562	0.401867	0.710049	ǒǅ
0	0.409885	0.696562	0.455050	0.710049	ǇǚǓǉǊ,
0	0.463087	0.696562	0.533880	0.710049	ǇǓǌǑǓǋǒǓ
0	0.541900	0.696562	0.605871	0.710049	ǏǓǕǓǗǏǓǊ
0	0.613919	0.696562	0.692488	0.710049	ǌǅǑǠǏǅǒǍǊ
0	0.700508	0.696562	0.708626	0.710049	Ǉ
0	0.716663	0.696562	0.786971	0.710049	ǇǠǚǓǉǒǓǎ
0	0.795003	0.696562	0.862502	0.710049	ǔǕǓǇǓǉǏǊ
0	0.870550	0.696562	0.911461	0.710049	ǆǐǓǏǅ
0	0.147015	0.710419	0.207942	0.723906	ǔǍǗǅǒǍǤ.
0	0.212140	0.710419	0.237544	0.723906	ƩǐǤ
0	0.241738	0.710419	0.352519	0.723906	ǔǓǉǗǇǊǕǋǉǊǒǍǤ
0	0.356717	0.710419	0.398492	0.723906	ǢǗǓǈǓ,
0	0.402698	0.710419	0.484501	0.723906	ǕǅǌǓǑǏǒǘǗǡ
0	0.488706	0.710419	0.519398	0.723906	CB1,
0	0.523602	0.710419	0.564772	0.723906	ǌǅǗǊǑ
0	0.568983	0.710419	0.683635	0.723906	ǕǅǌǆǐǓǏǍǕǓǇǅǗǡ
0	0.687833	0.710419	0.696588	0.723906	Ǎ
0	0.700786	0.710419	0.772837	0.723906	ǓǗǏǐǣǜǍǗǡ
0	0.777035	0.710419	0.830196	0.723906	ǕǅǌǟǊǑ
0	0.834385	0.710419	0.892079	0.723906	ǔǍǗǅǒǍǤ
0	0.896277	0.710419	0.911482	0.723906	ǓǗ
0	0.147031	0.724275	0.205198	0.737762	ǔǊǕǇǓǈǓ
0	0.208988	0.724275	0.268854	0.737762	ǙǅǌǒǓǈǓ
0	0.272643	0.724275	0.323819	0.737762	ǑǓǉǘǐǤ
0	0.327609	0.724275	0.335727	0.737762	Ǉ
0	0.339516	0.724275	0.392505	0.737762	ǔǊǕǇǓǑ
0	0.396295	0.724275	0.452273	0.737762	ǏǓǒǗǘǕǊ
0	0.456063	0.724275	0.513756	0.737762	ǔǍǗǅǒǍǤ
0	0.517546	0.724275	0.576905	0.737762	ǉǅǒǒǓǈǓ
0	0.580696	0.724275	0.623035	0.737762	GDPC:
0	0.147031	0.751988	0.159169	0.765475	a.
0	0.176433	0.751988	0.201836	0.765475	ƩǐǤ
0	0.205629	0.751988	0.253398	0.765475	GDPC1
0	0.257191	0.751988	0.287888	0.765475	CB1,
0	0.291656	0.751988	0.363708	0.765475	ǓǗǏǐǣǜǍǗǡ
0	0.367514	0.751988	0.420674	0.765475	ǕǅǌǟǊǑ
0	0.424441	0.751988	0.463546	0.765475	GDPC
0	0.467337	0.751988	0.482543	0.765475	ǓǗ
0	0.486331	0.751988	0.537466	0.765475	ǜǓǔǔǊǕ
0	0.541231	0.751988	0.592407	0.765475	ǑǓǉǘǐǤ
0	0.596198	0.751988	0.630059	0.765475	CM1,
0	0.633850	0.751988	0.656764	0.765475	ǏǅǏ
0	0.660552	0.751988	0.727311	0.765475	ǔǓǏǅǌǅǒǓ
0	0.731101	0.751988	0.748597	0.765475	ǒǅ
0	0.752388	0.751988	0.777661	0.765475	ƵǍǖ
0	0.781453	0.751988	0.802009	0.765475	34.
0	0.147031	0.779701	0.159169	0.793188	b.
0	0.176433	0.779701	0.201836	0.793188	ƩǐǤ
0	0.205629	0.779701	0.253398	0.793188	GDPC2
0	0.257191	0.779701	0.287888	0.793188	CB1,
0	0.291656	0.779701	0.363708	0.793188	ǓǗǏǐǣǜǍǗǡ
0	0.367514	0.779701	0.420674	0.793188	ǕǅǌǟǊǑ
0	0.424441	0.779701	0.463546	0.793188	GDPC
0	0.467337	0.779701	0.482543	0.793188	ǓǗ
0	0.486331	0.779701	0.546196	0.793188	ǙǅǌǒǓǈǓ
0	0.549986	0.779701	0.601162	0.793188	ǑǓǉǘǐǤ
0	0.604952	0.779701	0.643638	0.793188	Ƶ21ƶ,
0	0.647421	0.779701	0.670335	0.793188	ǏǅǏ
0	0.674123	0.779701	0.740882	0.793188	ǔǓǏǅǌǅǒǓ
0	0.744672	0.779701	0.762167	0.793188	ǒǅ
0	0.765959	0.779701	0.791231	0.793188	ƵǍǖ
0	0.795024	0.779701	0.815579	0.793188	36.
0	0.147031	0.807414	0.158140	0.820901	c.
0	0.176433	0.807414	0.241586	0.820901	ƬǅǑǏǒǘǗǡ
0	0.247452	0.807414	0.274914	0.820901	CB1
0	0.280778	0.807414	0.289533	0.820901	Ǎ
0	0.295413	0.807414	0.321666	0.820901	ǔǕǍ
0	0.327543	0.807414	0.384959	0.820901	ǔǓǑǓǞǍ
0	0.390839	0.807414	0.482329	0.820901	ǑǘǐǡǗǍǑǊǗǕǅ
0	0.488189	0.807414	0.520558	0.820901	VOM
0	0.526432	0.807414	0.608169	0.820901	ǔǕǓǍǌǇǊǖǗǍ
0	0.614050	0.807414	0.691521	0.820901	ǍǌǑǊǕǊǒǍǊ
0	0.697372	0.807414	0.714868	0.820901	ǒǅ
0	0.720746	0.807414	0.790495	0.820901	ǏǓǒǗǅǏǗǅǚ
0	0.796372	0.807414	0.805029	0.820901	2
0	0.810929	0.807414	0.819684	0.820901	Ǎ
0	0.825561	0.807414	0.834219	0.820901	3
0	0.840086	0.807414	0.886255	0.820901	ǗǓǐǡǏǓ
0	0.892160	0.807414	0.915326	0.820901	ǜǗǓ
0	0.176482	0.821270	0.275355	0.834757	ǓǗǏǐǣǜǊǒǒǓǈǓ
0	0.284714	0.821270	0.346779	0.834757	ǕǅǌǟǊǑǅ
0	0.356112	0.821270	0.404233	0.834757	ǏǅǆǊǐǤ
0	0.413587	0.821270	0.455919	0.834757	GDPC.
0	0.465292	0.821270	0.497622	0.834757	ƪǖǐǍ
0	0.506977	0.821270	0.597748	0.834757	ǒǅǉǐǊǋǅǞǍǊ
0	0.607091	0.821270	0.658185	0.834757	ǘǕǓǇǒǍ
0	0.667545	0.821270	0.744565	0.834757	ǇǠǚǓǉǒǓǈǓ
0	0.753938	0.821270	0.840182	0.834757	ǒǅǔǕǤǋǊǒǍǤ
0	0.849521	0.821270	0.888625	0.834757	GDPC
0	0.897979	0.821270	0.915344	0.834757	ǔǓ
0	0.176498	0.835127	0.247728	0.848614	ǔǕǊǋǒǊǑǘ
0	0.254936	0.835127	0.343959	0.848614	ǓǗǖǘǗǖǗǇǘǣǗ,
0	0.351212	0.835127	0.384970	0.848614	ǐǍǆǓ
0	0.399451	0.835127	0.464282	0.848614	ǇǓǌǒǍǏǐǅ
0	0.471531	0.835127	0.578999	0.848614	ǒǊǍǖǔǕǅǇǒǓǖǗǡ
0	0.586222	0.835127	0.628555	0.848614	GDPC,
0	0.635796	0.835127	0.669554	0.848614	ǐǍǆǓ
0	0.676807	0.835127	0.758330	0.848614	ǖǘǞǊǖǗǇǘǊǗ
0	0.765535	0.835127	0.829506	0.848614	ǏǓǕǓǗǏǓǊ
0	0.836770	0.835127	0.915339	0.848614	ǌǅǑǠǏǅǒǍǊ
0	0.176498	0.848983	0.237579	0.862470	ǔǕǓǇǓǉǅ
0	0.242718	0.848983	0.300412	0.862470	ǔǍǗǅǒǍǤ
0	0.305524	0.848983	0.351382	0.862470	ǑǊǋǉǘ
0	0.356512	0.848983	0.395617	0.862470	GDPC
0	0.400721	0.848983	0.409477	0.862470	Ǎ
0	0.414606	0.848983	0.486832	0.862470	ǕǅǌǟǊǑǓǑ
0	0.491933	0.848983	0.549626	0.862470	ǔǍǗǅǒǍǤ
0	0.554739	0.848983	0.612906	0.862470	ǔǊǕǇǓǈǓ
0	0.623164	0.848983	0.683030	0.862470	ǙǅǌǒǓǈǓ
0	0.688143	0.848983	0.739319	0.862470	ǑǓǉǘǐǤ
0	0.744446	0.848983	0.747680	0.862470	.
0	0.757873	0.848983	0.767184	0.862470	Ƨ
0	0.777425	0.848983	0.854655	0.862470	ǔǕǓǗǍǇǒǓǑ
0	0.859784	0.848983	0.911449	0.862470	ǖǐǘǜǅǊ,
0	0.176431	0.862839	0.208844	0.876326	ǊǖǐǍ
0	0.226055	0.862839	0.277150	0.876326	ǘǕǓǇǒǍ
0	0.294366	0.862839	0.371386	0.876326	ǇǠǚǓǉǒǓǈǓ
0	0.380024	0.862839	0.466268	0.876326	ǒǅǔǕǤǋǊǒǍǤ
0	0.474852	0.862839	0.513957	0.876326	GDPC
0	0.522555	0.862839	0.634201	0.876326	ǇǓǖǖǗǅǒǓǇǐǊǒǠ,
0	0.642813	0.862839	0.709952	0.876326	ǔǕǓǇǓǉǏǘ
0	0.718572	0.862839	0.776265	0.876326	ǔǍǗǅǒǍǤ
0	0.784874	0.862839	0.830731	0.876326	ǑǊǋǉǘ
0	0.839333	0.862839	0.894143	0.876326	ǔǊǕǇǠǑ
0	0.902711	0.862839	0.911466	0.876326	Ǎ
1	0.087882	0.101259	0.192349	0.114746	GET-6903A_RU
1	0.087882	0.115115	0.132464	0.128602	ƴǓǍǖǏ
1	0.136178	0.115115	0.145398	0.128602	Ǎ
1	0.149112	0.115115	0.233762	0.128602	ǘǖǗǕǅǒǊǒǍǊ
1	0.237490	0.115115	0.356828	0.128602	ǒǊǍǖǔǕǅǇǒǓǖǗǊǎ
1	0.360541	0.115115	0.410565	0.128602	ǝǏǅǙǅ
1	0.414295	0.115115	0.500450	0.128602	ǘǔǕǅǇǐǊǒǍǤ
1	0.504194	0.115115	0.520666	0.128602	ǖǓ
1	0.524380	0.115115	0.606612	0.128602	ǖǉǇǓǊǒǒǠǑ
1	0.609989	0.115115	0.642613	0.128602	IGBT
1	0.646663	0.115115	0.733938	0.128602	ǍǒǇǊǕǗǊǕǓǑ
1	0.737366	0.115115	0.799597	0.128602	17KG535
1	0.803602	0.115115	0.812823	0.128602	Ǎ
1	0.833510	0.115115	0.853313	0.128602	.*
1	0.147010	0.139998	0.224696	0.153485	ǔǓǖǐǊǉǒǍǑ
1	0.233027	0.139998	0.298293	0.153485	ǙǅǌǒǠǑǍ
1	0.306614	0.139998	0.376836	0.153485	ǑǓǉǘǐǤǑǍ
1	0.385166	0.139998	0.440566	0.153485	ǖǐǊǉǘǊǗ
1	0.448887	0.139998	0.523405	0.153485	ǔǕǓǇǊǕǍǗǡ
1	0.531719	0.139998	0.549215	0.153485	ǒǅ
1	0.557544	0.139998	0.616282	0.153485	ǒǅǐǍǜǍǊ
1	0.624613	0.139998	0.695737	0.153485	ǏǓǕǓǗǏǓǈǓ
1	0.704080	0.139998	0.781996	0.153485	ǌǅǑǠǏǅǒǍǤ
1	0.790328	0.139998	0.818761	0.153485	(ǍǐǍ
1	0.827095	0.139998	0.882069	0.153485	ǙǅǌǒǠǎ
1	0.147010	0.153854	0.198251	0.167341	ǑǓǉǘǐǡ
1	0.202040	0.153854	0.209914	0.167341	ǖ
1	0.213703	0.153854	0.346650	0.167341	ǏǓǕǓǗǏǓǌǅǑǏǒǘǗǠǑ
1	0.350439	0.153854	0.430429	0.167341	ǉǕǅǎǇǊǕǓǑ
1	0.434219	0.153854	0.524174	0.167341	ǘǔǕǅǇǐǊǒǍǤ).
1	0.088206	0.181567	0.100100	0.195054	7.
1	0.117608	0.181567	0.199164	0.195054	ƵǅǌǓǑǏǒǘǗǡ
1	0.202939	0.181567	0.318211	0.195054	ǅǇǗǓǑǅǗǍǜǊǖǏǍǎ
1	0.322001	0.181567	0.413474	0.195054	ǇǠǏǐǣǜǅǗǊǐǡ
1	0.417263	0.181567	0.444718	0.195054	ƶƧ1
1	0.448511	0.181567	0.487621	0.195054	GDPC
1	0.491414	0.181567	0.539210	0.195054	(ƳƷƯư.)
1	0.543001	0.181567	0.594226	0.195054	(GDPC1
1	0.598017	0.181567	0.622989	0.195054	ǍǐǍ
1	0.626779	0.181567	0.681248	0.195054	GDPC2).
1	0.088206	0.209280	0.100100	0.222767	8.
1	0.117608	0.209280	0.203006	0.222767	ƴǓǉǏǐǣǜǍǗǡ
1	0.206826	0.209280	0.255013	0.222767	ǏǅǆǊǐǡ
1	0.258804	0.209280	0.297909	0.222767	GDPC
1	0.301700	0.209280	0.308708	0.222767	Ǐ
1	0.312497	0.209280	0.411468	0.222767	ǢǐǊǏǗǕǓǒǒǓǑǘ
1	0.415258	0.209280	0.473506	0.222767	ǑǓǉǘǐǣ,
1	0.477289	0.209280	0.492495	0.222767	ǓǗ
1	0.496283	0.209280	0.560401	0.222767	ǏǓǗǓǕǓǈǓ
1	0.564225	0.209280	0.581586	0.222767	Ǔǒ
1	0.585374	0.209280	0.612192	0.222767	ǆǠǐ
1	0.615980	0.209280	0.685255	0.222767	ǓǗǏǐǣǜǊǒ.
1	0.088206	0.236993	0.100100	0.250480	9.
1	0.117608	0.236993	0.231998	0.250480	ƵǅǌǆǐǓǏǍǕǓǇǅǗǡ
1	0.236588	0.236993	0.245343	0.250480	Ǎ
1	0.249933	0.236993	0.321984	0.250480	ǓǗǏǐǣǜǍǗǡ
1	0.326574	0.236993	0.374761	0.250480	ǏǅǆǊǐǡ
1	0.379367	0.236993	0.418472	0.250480	GDPC
1	0.423062	0.236993	0.438268	0.250480	ǓǗ
1	0.442859	0.236993	0.525283	0.250480	ǔǓǖǐǊǉǒǊǈǓ
1	0.529873	0.236993	0.626067	0.250480	ǢǐǊǏǗǕǓǒǒǓǈǓ
1	0.630657	0.236993	0.681833	0.250480	ǑǓǉǘǐǤ
1	0.686423	0.236993	0.703311	0.250480	ǇǓ
1	0.707919	0.236993	0.759201	0.250480	ǇǗǓǕǓǑ
1	0.763799	0.236993	0.819777	0.250480	ǏǓǒǗǘǕǊ
1	0.824367	0.236993	0.882061	0.250480	ǔǍǗǅǒǍǤ
1	0.117608	0.250849	0.176957	0.264336	ǉǅǒǒǓǈǓ
1	0.180592	0.250849	0.222924	0.264336	GDPC.
1	0.226575	0.250849	0.251978	0.264336	ƩǐǤ
1	0.255609	0.250849	0.303378	0.264336	GDPC1
1	0.307009	0.250849	0.337706	0.264336	CB2,
1	0.341308	0.250849	0.396871	0.264336	ǍǌǇǐǊǜǡ
1	0.400504	0.250849	0.453665	0.264336	ǕǅǌǟǊǑ
1	0.457278	0.250849	0.496383	0.264336	GDPC
1	0.500020	0.250849	0.515994	0.264336	Ǎǌ
1	0.519631	0.250849	0.579497	0.264336	ǙǅǌǒǓǈǓ
1	0.583124	0.250849	0.634299	0.264336	ǑǓǉǘǐǤ
1	0.637924	0.250849	0.685122	0.264336	P12A+,
1	0.688742	0.250849	0.711656	0.264336	ǏǅǏ
1	0.715302	0.250849	0.782061	0.264336	ǔǓǏǅǌǅǒǓ
1	0.785687	0.250849	0.803183	0.264336	ǒǅ
1	0.806808	0.250849	0.832080	0.264336	ƵǍǖ
1	0.835730	0.250849	0.853047	0.264336	34
1	0.856660	0.250849	0.882064	0.264336	ƩǐǤ
1	0.117608	0.264706	0.165376	0.278192	GDPC2
1	0.169169	0.264706	0.199866	0.278192	CB2,
1	0.203641	0.264706	0.259205	0.278192	ǍǌǇǐǊǜǡ
1	0.262984	0.264706	0.316145	0.278192	ǕǅǌǟǊǑ
1	0.319912	0.264706	0.359016	0.278192	GDPC
1	0.362808	0.264706	0.378781	0.278192	Ǎǌ
1	0.382569	0.264706	0.442435	0.278192	ǙǅǌǒǓǈǓ
1	0.446224	0.264706	0.497400	0.278192	ǑǓǉǘǐǤ
1	0.501192	0.264706	0.548390	0.278192	P22A+,
1	0.552153	0.264706	0.575067	0.278192	ǏǅǏ
1	0.578855	0.264706	0.645614	0.278192	ǔǓǏǅǌǅǒǓ
1	0.649404	0.264706	0.666900	0.278192	ǒǅ
1	0.670691	0.264706	0.695964	0.278192	ƵǍǖ
1	0.699756	0.264706	0.720312	0.278192	36.
1	0.088206	0.292418	0.108761	0.305905	10.
1	0.117608	0.292418	0.182761	0.305905	ƬǅǑǏǒǘǗǡ
1	0.186539	0.292418	0.301811	0.305905	ǅǇǗǓǑǅǗǍǜǊǖǏǍǎ
1	0.305601	0.292418	0.397074	0.305905	ǇǠǏǐǣǜǅǗǊǐǡ
1	0.400864	0.292418	0.428319	0.305905	ƶƧ2
1	0.432111	0.292418	0.471221	0.305905	GDPC
1	0.475014	0.292418	0.516786	0.305905	(ƧƯư.).
1	0.088206	0.320131	0.108761	0.333618	11.
1	0.117608	0.320131	0.191717	0.333618	ƭǖǔǓǐǡǌǘǤ
1	0.196372	0.320131	0.278943	0.333618	ǑǘǐǡǗǍǑǊǗǕ
1	0.283607	0.320131	0.319206	0.333618	VOM,
1	0.323879	0.320131	0.432850	0.333618	ǘǖǗǅǒǓǇǐǊǒǒǠǎ
1	0.437469	0.320131	0.454965	0.333618	ǒǅ
1	0.459619	0.320131	0.537090	0.333618	ǍǌǑǊǕǊǒǍǊ
1	0.541699	0.320131	0.567678	0.333618	100
1	0.572310	0.320131	0.581621	0.333618	Ƨ
1	0.586276	0.320131	0.680444	0.333618	ǔǊǕǊǑǊǒǒǓǈǓ
1	0.685067	0.320131	0.719412	0.333618	ǗǓǏǅ,
1	0.724074	0.320131	0.790473	0.333618	ǍǌǑǊǕǍǗǡ
1	0.795129	0.320131	0.882026	0.333618	ǒǅǔǕǤǋǊǒǍǊ
1	0.117608	0.333988	0.135103	0.347475	ǒǅ
1	0.142175	0.333988	0.211923	0.347475	ǏǓǒǗǅǏǗǅǚ
1	0.218974	0.333988	0.227632	0.347475	2
1	0.234686	0.333988	0.243442	0.347475	Ǎ
1	0.250515	0.333988	0.259172	0.347475	3
1	0.266248	0.333988	0.365120	0.347475	ǓǗǏǐǣǜǊǒǒǓǈǓ
1	0.372180	0.333988	0.420302	0.347475	ǏǅǆǊǐǤ
1	0.427373	0.333988	0.469705	0.347475	GDPC.
1	0.476775	0.333988	0.529421	0.347475	ƶǑǓǗǕǍ
1	0.536489	0.333988	0.561761	0.347475	ƵǍǖ
1	0.568841	0.333988	0.589393	0.347475	37,
1	0.596452	0.333988	0.620490	0.347475	ǈǉǊ
1	0.627537	0.333988	0.704929	0.347475	ǔǕǍǇǊǉǊǒǓ
1	0.712002	0.333988	0.804962	0.347475	ǓǆǓǌǒǅǜǊǒǍǊ
1	0.812018	0.333988	0.882048	0.347475	ǏǓǒǗǅǏǗǓǇ
1	0.117624	0.347844	0.179688	0.361331	ǕǅǌǟǊǑǅ
1	0.187976	0.347844	0.236098	0.361331	ǏǅǆǊǐǤ
1	0.244410	0.347844	0.286743	0.361331	GDPC.
1	0.295082	0.347844	0.372311	0.361331	ƴǓǏǅǌǅǒǍǊ
1	0.380627	0.347844	0.412995	0.361331	VOM
1	0.421308	0.347844	0.474199	0.361331	ǉǓǐǋǒǓ
1	0.482552	0.347844	0.559814	0.361331	ǖǓǖǗǅǇǐǤǗǡ
1	0.568128	0.347844	0.583334	0.361331	ǓǗ
1	0.591647	0.347844	0.608965	0.361331	95
1	0.617279	0.347844	0.635080	0.361331	ǉǓ
1	0.643404	0.347844	0.669383	0.361331	105
1	0.677700	0.347844	0.687011	0.361331	Ƨ
1	0.695309	0.347844	0.789477	0.361331	ǔǊǕǊǑǊǒǒǓǈǓ
1	0.797758	0.347844	0.828871	0.361331	ǗǓǏǅ
1	0.837237	0.347844	0.849604	0.361331	(ǅ
1	0.857918	0.347844	0.882074	0.361331	ǉǐǤ
1	0.117640	0.361701	0.217101	0.375187	ǑǘǐǡǗǍǑǊǗǕǓǇ
1	0.221005	0.361701	0.228878	0.375187	ǖ
1	0.236702	0.361701	0.305906	0.375187	ǙǘǒǏǛǍǊǎ
1	0.309799	0.361701	0.386617	0.375187	ǍǌǑǊǕǊǒǍǤ
1	0.390507	0.361701	0.450700	0.375187	ǜǅǖǗǓǗǠ,
1	0.454620	0.361701	0.469826	0.375187	ǓǗ
1	0.477583	0.361700	0.506794	0.375187	22,5
1	0.514597	0.361700	0.532398	0.375187	ǉǓ
1	0.540208	0.361700	0.569419	0.375187	27,5
1	0.577240	0.361700	0.600457	0.375187	ƨǛ).
1	0.608259	0.361700	0.617569	0.375187	Ƨ
1	0.625394	0.361700	0.673866	0.375187	ǖǐǘǜǅǊ
1	0.677746	0.361700	0.784949	0.375187	ǍǖǔǓǐǡǌǓǇǅǒǍǤ
1	0.788869	0.361700	0.870231	0.375187	ǇǓǐǡǗǑǊǗǕǅ
1	0.874135	0.361700	0.882008	0.375187	ǖ
1	0.117604	0.375557	0.221932	0.389043	ǇǓǌǑǓǋǒǓǖǗǡǣ
1	0.227388	0.375557	0.304206	0.389043	ǍǌǑǊǕǊǒǍǤ
1	0.309632	0.375557	0.382876	0.389043	ǍǖǗǍǒǒǓǈǓ
1	0.388332	0.375557	0.546204	0.389043	ǖǕǊǉǒǊǏǇǅǉǕǅǗǍǜǒǓǈǓ
1	0.551660	0.375557	0.620885	0.389043	ǌǒǅǜǊǒǍǤ,
1	0.626341	0.375557	0.701398	0.389043	ǔǓǏǅǌǅǒǍǊ
1	0.706837	0.375557	0.759728	0.389043	ǉǓǐǋǒǓ
1	0.765184	0.375557	0.842446	0.389043	ǖǓǖǗǅǇǐǤǗǡ
1	0.847902	0.375557	0.863108	0.389043	ǓǗ
1	0.868557	0.375557	0.885874	0.389043	89
1	0.117604	0.389413	0.135405	0.402900	ǉǓ
1	0.144108	0.389413	0.161426	0.402900	92
1	0.170136	0.389413	0.179446	0.402900	Ƨ
1	0.188153	0.389413	0.282321	0.402900	ǔǊǕǊǑǊǒǒǓǈǓ
1	0.290994	0.389413	0.325339	0.402900	ǗǓǏǅ,
1	0.334068	0.389413	0.430295	0.402900	ǖǕǊǉǒǊǏǇǅǉǕ.
1	0.439001	0.389413	0.515691	0.402900	ƴǕǓǇǊǕǍǗǡ
1	0.524398	0.389413	0.548177	0.402900	ǗǍǔ
1	0.556887	0.389413	0.651594	0.402900	ǑǘǐǡǗǍǑǊǗǕǅ,
1	0.660300	0.389413	0.767503	0.402900	ǍǖǔǓǐǡǌǘǊǑǓǈǓ
1	0.776210	0.389413	0.800365	0.402900	ǉǐǤ
1	0.809075	0.389413	0.885892	0.402900	ǍǌǑǊǕǊǒǍǤ
1	0.117620	0.403269	0.207084	0.416756	ǒǅǔǕǤǋǊǒǍǤ.
1	0.088218	0.430982	0.108774	0.444469	12.
1	0.117620	0.430982	0.149951	0.444469	ƪǖǐǍ
1	0.158195	0.430982	0.232599	0.444469	ǔǓǏǅǌǅǒǍǤ
1	0.240864	0.430982	0.317884	0.444469	ǇǠǚǓǉǒǓǈǓ
1	0.326146	0.430982	0.412391	0.444469	ǒǅǔǕǤǋǊǒǍǤ
1	0.420631	0.430982	0.459736	0.444469	GDPC
1	0.467992	0.430982	0.530069	0.444469	ǖǐǍǝǏǓǑ
1	0.538331	0.430982	0.586967	0.444469	ǒǍǌǏǍǊ
1	0.595224	0.430982	0.620196	0.444469	ǍǐǍ
1	0.628465	0.430982	0.717487	0.444469	ǓǗǖǘǗǖǗǇǘǣǗ,
1	0.725736	0.430982	0.798261	0.444469	ǘǆǊǉǍǗǡǖǤ
1	0.806527	0.430982	0.814645	0.444469	Ǉ
1	0.822894	0.430982	0.882073	0.444469	ǒǅǐǍǜǍǍ
1	0.117620	0.444839	0.184058	0.458326	ǇǚǓǉǒǓǈǓ
1	0.188757	0.444839	0.275001	0.458326	ǒǅǔǕǤǋǊǒǍǤ
1	0.279675	0.444839	0.337368	0.458326	ǔǍǗǅǒǍǤ
1	0.342072	0.444839	0.357278	0.458326	ǓǗ
1	0.361968	0.444839	0.467211	0.458326	ǅǏǏǘǑǘǐǤǗǓǕǓǇ
1	0.471899	0.444839	0.489395	0.458326	ǒǅ
1	0.494081	0.444839	0.563829	0.458326	ǏǓǒǗǅǏǗǅǚ
1	0.568529	0.444839	0.577186	0.458326	1
1	0.581888	0.444839	0.590644	0.458326	Ǎ
1	0.595332	0.444839	0.603989	0.458326	3
1	0.608680	0.444839	0.670745	0.458326	ǕǅǌǟǊǑǅ
1	0.675406	0.444839	0.691285	0.458326	J1
1	0.695988	0.444839	0.735098	0.458326	GDPC
1	0.739800	0.444839	0.780906	0.458326	(BATT)
1	0.785569	0.444839	0.882073	0.458326	ǓǗǒǓǖǍǗǊǐǡǒǓ
1	0.117620	0.458695	0.187650	0.472182	ǏǓǒǗǅǏǗǓǇ
1	0.192867	0.458695	0.201524	0.472182	5
1	0.206692	0.458695	0.215448	0.472182	Ǎ
1	0.220642	0.458695	0.229299	0.472182	7
1	0.234497	0.458695	0.296561	0.472182	ǕǅǌǟǊǑǅ
1	0.301728	0.458695	0.317605	0.472182	J1
1	0.322801	0.458695	0.360648	0.472182	(RTN).
1	0.365844	0.458695	0.449297	0.472182	ƳǋǍǉǅǊǑǓǊ
1	0.454486	0.458695	0.513770	0.472182	ǇǚǓǉǒǓǊ
1	0.518958	0.458695	0.609059	0.472182	ǒǅǔǕǤǋǊǒǍǊ:
1	0.614257	0.458695	0.631573	0.472182	18
1	0.636771	0.458695	0.642651	0.472182	-
1	0.647849	0.458695	0.665165	0.472182	32
1	0.670346	0.458695	0.679657	0.472182	Ƨ
1	0.684851	0.458695	0.774380	0.472182	ǔǓǖǗǓǤǒǒǓǈǓ
1	0.779558	0.458695	0.813903	0.472182	ǗǓǏǅ.
1	0.819104	0.458695	0.828415	0.472182	Ƨ
1	0.833609	0.458695	0.882082	0.472182	ǖǐǘǜǅǊ
1	0.117620	0.472552	0.175706	0.486038	ǒǅǐǍǜǍǤ
1	0.179283	0.472552	0.276767	0.486038	ǒǅǉǐǊǋǅǞǊǈǓ
1	0.280344	0.472552	0.338038	0.486038	ǔǍǗǅǒǍǤ
1	0.341615	0.472552	0.359111	0.486038	ǒǅ
1	0.362686	0.472552	0.407851	0.486038	ǇǚǓǉǊ,
1	0.411428	0.472552	0.482222	0.486038	ǇǓǌǑǓǋǒǓ
1	0.485783	0.472552	0.549754	0.486038	ǏǓǕǓǗǏǓǊ
1	0.553342	0.472552	0.631911	0.486038	ǌǅǑǠǏǅǒǍǊ
1	0.635488	0.472552	0.643607	0.486038	Ǉ
1	0.647184	0.472552	0.717492	0.486038	ǇǠǚǓǉǒǓǎ
1	0.721081	0.472552	0.788580	0.486038	ǔǕǓǇǓǉǏǊ
1	0.792169	0.472552	0.853096	0.486038	ǔǍǗǅǒǍǤ.
1	0.856673	0.472552	0.882077	0.486038	ƩǐǤ
1	0.117620	0.486408	0.228401	0.499895	ǔǓǉǗǇǊǕǋǉǊǒǍǤ
1	0.235539	0.486408	0.277314	0.499895	ǢǗǓǈǓ,
1	0.284461	0.486408	0.366264	0.499895	ǕǅǌǓǑǏǒǘǗǡ
1	0.373425	0.486408	0.404117	0.499895	CB2,
1	0.411249	0.486408	0.452418	0.499895	ǌǅǗǊǑ
1	0.459550	0.486408	0.574201	0.499895	ǕǅǌǆǐǓǏǍǕǓǇǅǗǡ
1	0.581340	0.486408	0.590095	0.499895	Ǎ
1	0.597233	0.486408	0.669284	0.499895	ǓǗǏǐǣǜǍǗǡ
1	0.676422	0.486408	0.729583	0.499895	ǕǅǌǟǊǑ
1	0.736729	0.486408	0.794423	0.499895	ǔǍǗǅǒǍǤ
1	0.801561	0.486408	0.816767	0.499895	ǓǗ
1	0.823906	0.486408	0.882073	0.499895	ǔǊǕǇǓǈǓ
1	0.117620	0.500264	0.177486	0.513751	ǙǅǌǒǓǈǓ
1	0.185069	0.500264	0.236245	0.513751	ǑǓǉǘǐǤ
1	0.240034	0.500264	0.256922	0.513751	ǇǓ
1	0.260710	0.500264	0.311992	0.513751	ǇǗǓǕǓǑ
1	0.315790	0.500264	0.371768	0.513751	ǏǓǒǗǘǕǊ
1	0.375558	0.500264	0.433251	0.513751	ǔǍǗǅǒǍǤ
1	0.437041	0.500264	0.496391	0.513751	ǉǅǒǒǓǈǓ
1	0.500192	0.500264	0.542530	0.513751	GDPC:
1	0.117620	0.527977	0.129759	0.541464	a.
1	0.147022	0.527977	0.172426	0.541464	ƩǐǤ
1	0.176219	0.527977	0.223987	0.541464	GDPC1
1	0.227780	0.527977	0.258477	0.541464	CB2,
1	0.262246	0.527977	0.334297	0.541464	ǓǗǏǐǣǜǍǗǡ
1	0.338103	0.527977	0.391264	0.541464	ǕǅǌǟǊǑ
1	0.395030	0.527977	0.434135	0.541464	GDPC
1	0.437926	0.527977	0.453132	0.541464	ǓǗ
1	0.456920	0.527977	0.508055	0.541464	ǜǓǔǔǊǕ
1	0.511836	0.527977	0.563012	0.541464	ǑǓǉǘǐǤ
1	0.566804	0.527977	0.600665	0.541464	CM2,
1	0.604456	0.527977	0.627370	0.541464	ǏǅǏ
1	0.631158	0.527977	0.697917	0.541464	ǔǓǏǅǌǅǒǓ
1	0.701707	0.527977	0.719202	0.541464	ǒǅ
1	0.722994	0.527977	0.748266	0.541464	ƵǍǖ
1	0.752059	0.527977	0.772614	0.541464	34.
1	0.117620	0.555690	0.129759	0.569177	b.
1	0.147022	0.555690	0.172426	0.569177	ƩǐǤ
1	0.176219	0.555690	0.223987	0.569177	GDPC2
1	0.227780	0.555690	0.258477	0.569177	CB2,
1	0.262246	0.555690	0.334297	0.569177	ǓǗǏǐǣǜǍǗǡ
1	0.338103	0.555690	0.391264	0.569177	ǕǅǌǟǊǑ
1	0.395030	0.555690	0.434135	0.569177	GDPC
1	0.437926	0.555690	0.453132	0.569177	ǓǗ
1	0.456920	0.555690	0.516786	0.569177	ǙǅǌǒǓǈǓ
1	0.520575	0.555690	0.571751	0.569177	ǑǓǉǘǐǤ
1	0.575541	0.555690	0.614227	0.569177	Ƶ22ƶ,
1	0.618010	0.555690	0.640924	0.569177	ǏǅǏ
1	0.644712	0.555690	0.711471	0.569177	ǔǓǏǅǌǅǒǓ
1	0.715261	0.555690	0.732757	0.569177	ǒǅ
1	0.736548	0.555690	0.761821	0.569177	ƵǍǖ
1	0.765613	0.555690	0.786169	0.569177	36.
1	0.117620	0.583403	0.128729	0.596890	c.
1	0.147022	0.583403	0.212176	0.596890	ƬǅǑǏǒǘǗǡ
1	0.218041	0.583403	0.245503	0.596890	CB2
1	0.251367	0.583403	0.260122	0.596890	Ǎ
1	0.266003	0.583403	0.292255	0.596890	ǔǕǍ
1	0.298133	0.583403	0.355548	0.596890	ǔǓǑǓǞǍ
1	0.361429	0.583403	0.452918	0.596890	ǑǘǐǡǗǍǑǊǗǕǅ
1	0.458779	0.583403	0.491147	0.596890	VOM
1	0.497021	0.583403	0.578759	0.596890	ǔǕǓǍǌǇǊǖǗǍ
1	0.584639	0.583403	0.662110	0.596890	ǍǌǑǊǕǊǒǍǊ
1	0.667961	0.583403	0.685457	0.596890	ǒǅ
1	0.691336	0.583403	0.761084	0.596890	ǏǓǒǗǅǏǗǅǚ
1	0.766961	0.583403	0.775618	0.596890	2
1	0.781499	0.583403	0.790254	0.596890	Ǎ
1	0.796131	0.583403	0.804789	0.596890	3
1	0.810669	0.583403	0.856838	0.596890	ǗǓǐǡǏǓ
1	0.862733	0.583403	0.885899	0.596890	ǜǗǓ
1	0.147039	0.597259	0.245911	0.610746	ǓǗǏǐǣǜǊǒǒǓǈǓ
1	0.255271	0.597259	0.317335	0.610746	ǕǅǌǟǊǑǅ
1	0.326669	0.597259	0.374790	0.610746	ǏǅǆǊǐǤ
1	0.384145	0.597259	0.426477	0.610746	GDPC.
1	0.435848	0.597259	0.468179	0.610746	ƪǖǐǍ
1	0.477534	0.597259	0.568305	0.610746	ǒǅǉǐǊǋǅǞǍǊ
1	0.577648	0.597259	0.628742	0.610746	ǘǕǓǇǒǍ
1	0.638102	0.597259	0.715122	0.610746	ǇǠǚǓǉǒǓǈǓ
1	0.724511	0.597259	0.810755	0.610746	ǒǅǔǕǤǋǊǒǍǤ
1	0.820095	0.597259	0.859200	0.610746	GDPC
1	0.868555	0.597259	0.885920	0.610746	ǔǓ
1	0.147055	0.611116	0.218285	0.624603	ǔǕǊǋǒǊǑǘ
1	0.226310	0.611116	0.315333	0.624603	ǓǗǖǘǗǖǗǇǘǣǗ,
1	0.323386	0.611116	0.357144	0.624603	ǐǍǆǓ
1	0.365202	0.611116	0.430033	0.624603	ǇǓǌǒǍǏǐǅ
1	0.438086	0.611116	0.545554	0.624603	ǒǊǍǖǔǕǅǇǒǓǖǗǡ
1	0.553582	0.611116	0.595915	0.624603	GDPC,
1	0.603961	0.611116	0.637719	0.624603	ǐǍǆǓ
1	0.645779	0.611116	0.727303	0.624603	ǖǘǞǊǖǗǇǘǊǗ
1	0.735324	0.611116	0.799295	0.624603	ǏǓǕǓǗǏǓǊ
1	0.807359	0.611116	0.885928	0.624603	ǌǅǑǠǏǅǒǍǊ
1	0.147088	0.624972	0.208169	0.638459	ǔǕǓǇǓǉǅ
1	0.213602	0.624972	0.271295	0.638459	ǔǍǗǅǒǍǤ
1	0.276702	0.624972	0.322559	0.638459	ǑǊǋǉǘ
1	0.327976	0.624972	0.401633	0.638459	ǇǠǚǓǉǒǠǑ
1	0.407067	0.624972	0.479293	0.638459	ǕǅǌǟǊǑǓǑ
1	0.484669	0.624972	0.523774	0.638459	GDPC
1	0.529193	0.624972	0.537949	0.638459	Ǎ
1	0.543378	0.624972	0.615604	0.638459	ǕǅǌǟǊǑǓǑ
1	0.620983	0.624972	0.678677	0.638459	ǔǍǗǅǒǍǤ
1	0.684100	0.624972	0.742267	0.638459	ǔǊǕǇǓǈǓ
1	0.747690	0.624972	0.807555	0.638459	ǙǅǌǒǓǈǓ
1	0.812962	0.624972	0.867372	0.638459	ǑǓǉǘǐǤ.
1	0.872795	0.624972	0.882106	0.638459	Ƨ
1	0.147071	0.638829	0.224301	0.652316	ǔǕǓǗǍǇǒǓǑ
1	0.228090	0.638829	0.279756	0.652316	ǖǐǘǜǅǊ,
1	0.283562	0.638829	0.315975	0.652316	ǊǖǐǍ
1	0.319766	0.638829	0.370860	0.652316	ǘǕǓǇǒǍ
1	0.374650	0.638829	0.451670	0.652316	ǇǠǚǓǉǒǓǈǓ
1	0.455482	0.638829	0.541727	0.652316	ǒǅǔǕǤǋǊǒǍǤ
1	0.545508	0.638829	0.584623	0.652316	GDPC
1	0.588396	0.638829	0.700042	0.652316	ǇǓǖǖǗǅǒǓǇǐǊǒǠ,
1	0.703825	0.638829	0.770964	0.652316	ǔǕǓǇǓǉǏǘ
1	0.774772	0.638829	0.832466	0.652316	ǔǍǗǅǒǍǤ
1	0.836255	0.638829	0.882112	0.652316	ǑǊǋǉǘ
1	0.147055	0.652685	0.201865	0.666172	ǔǊǕǇǠǑ
1	0.208636	0.652685	0.217391	0.666172	Ǎ
1	0.224186	0.652685	0.301873	0.666172	ǔǓǖǐǊǉǒǍǑ
1	0.308652	0.652685	0.373918	0.666172	ǙǅǌǒǠǑǍ
1	0.380703	0.652685	0.450925	0.666172	ǑǓǉǘǐǤǑǍ
1	0.457720	0.652685	0.513120	0.666172	ǖǐǊǉǘǊǗ
1	0.519889	0.652685	0.594407	0.666172	ǔǕǓǇǊǕǍǗǡ
1	0.601202	0.652685	0.618698	0.666172	ǒǅ
1	0.625492	0.652685	0.684230	0.666172	ǒǅǐǍǜǍǊ
1	0.691009	0.652685	0.762133	0.666172	ǏǓǕǓǗǏǓǈǓ
1	0.768957	0.652685	0.846873	0.666172	ǌǅǑǠǏǅǒǍǤ
1	0.853669	0.652685	0.882103	0.666172	(ǍǐǍ
1	0.147071	0.666542	0.202045	0.680028	ǙǅǌǒǠǎ
1	0.205827	0.666542	0.257068	0.680028	ǑǓǉǘǐǡ
1	0.260857	0.666542	0.268731	0.680028	ǖ
1	0.272520	0.666542	0.405466	0.680028	ǏǓǕǓǗǏǓǌǅǑǏǒǘǗǠǑ
1	0.409256	0.666542	0.489246	0.680028	ǉǕǅǎǇǊǕǓǑ
1	0.493035	0.666542	0.582991	0.680028	ǘǔǕǅǇǐǊǒǍǤ).
1	0.088267	0.694254	0.108823	0.707741	13.
1	0.117669	0.694254	0.199226	0.707741	ƵǅǌǓǑǏǒǘǗǡ
1	0.203001	0.694254	0.318273	0.707741	ǅǇǗǓǑǅǗǍǜǊǖǏǍǎ
1	0.322063	0.694254	0.413536	0.707741	ǇǠǏǐǣǜǅǗǊǐǡ
1	0.417325	0.694254	0.444780	0.707741	ƶƧ2
1	0.448573	0.694254	0.487683	0.707741	GDPC
1	0.491476	0.694254	0.539272	0.707741	(ƳƷƯư.)
1	0.543063	0.694254	0.594288	0.707741	(GDPC1
1	0.598079	0.694254	0.623051	0.707741	ǍǐǍ
1	0.626841	0.694254	0.681310	0.707741	GDPC2).
1	0.088267	0.721967	0.108823	0.735454	14.
1	0.117669	0.721967	0.203068	0.735454	ƴǓǉǏǐǣǜǍǗǡ
1	0.206888	0.721967	0.255075	0.735454	ǏǅǆǊǐǡ
1	0.258866	0.721967	0.297971	0.735454	GDPC
1	0.301762	0.721967	0.308770	0.735454	Ǐ
1	0.312559	0.721967	0.375212	0.735454	ǙǅǌǒǓǑǘ
1	0.378988	0.721967	0.437237	0.735454	ǑǓǉǘǐǣ,
1	0.441020	0.721967	0.456226	0.735454	ǓǗ
1	0.460014	0.721967	0.524131	0.735454	ǏǓǗǓǕǓǈǓ
1	0.527958	0.721967	0.545320	0.735454	Ǔǒ
1	0.549108	0.721967	0.575926	0.735454	ǆǠǐ
1	0.579739	0.721967	0.649013	0.735454	ǓǗǏǐǣǜǊǒ.
1	0.088300	0.749680	0.108855	0.763167	15.
1	0.117702	0.749680	0.190622	0.763167	ƸǆǊǉǍǗǡǖǤ
1	0.194441	0.749680	0.202560	0.763167	Ǉ
1	0.206349	0.749680	0.235077	0.763167	ǗǓǑ,
1	0.238860	0.749680	0.262025	0.763167	ǜǗǓ
1	0.265816	0.749680	0.292259	0.763167	Ǔǆǅ
1	0.296047	0.749680	0.410257	0.763167	ǅǇǗǓǑǅǗǍǜǊǖǏǍǚ
1	0.414047	0.749680	0.505455	0.763167	ǇǠǏǐǣǜǅǗǊǐǤ
1	0.509244	0.749680	0.536699	0.763167	ƶƧ1
1	0.540487	0.749680	0.549242	0.763167	Ǎ
1	0.553032	0.749680	0.580487	0.763167	ƶƧ2
1	0.584280	0.749680	0.601776	0.763167	ǒǅ
1	0.605568	0.749680	0.653337	0.763167	GDPC1
1	0.657115	0.749680	0.665870	0.763167	Ǎ
1	0.669662	0.749680	0.717430	0.763167	GDPC2
1	0.721212	0.749680	0.788211	0.763167	ǌǅǑǏǒǘǗǠ
1	0.791990	0.749680	0.830543	0.763167	(ƧƯư.)
1	0.088284	0.777393	0.136052	0.790880	GDPC1
1	0.140881	0.777393	0.149636	0.790880	Ǎ
1	0.154479	0.777393	0.202248	0.790880	GDPC2
1	0.207084	0.777393	0.304127	0.790880	ǕǅǖǔǓǐǓǋǊǒǠ
1	0.308930	0.777393	0.317048	0.790880	Ǉ
1	0.321883	0.777393	0.392247	0.790880	ǔǊǕǊǉǒǊǑ
1	0.397054	0.777393	0.450631	0.790880	ǔǕǅǇǓǑ
1	0.455466	0.777393	0.502183	0.790880	ǓǗǖǊǏǊ
1	0.507018	0.777393	0.554665	0.790880	ǝǏǅǙǅ
1	0.559500	0.777393	0.642772	0.790880	ǘǔǕǅǇǐǊǒǍǤ
1	0.647592	0.777393	0.683517	0.790880	ǒǍǋǊ
1	0.688347	0.777393	0.738975	0.790880	ǔǅǒǊǐǍ
1	0.743809	0.777393	0.769139	0.790880	ICP.
1	0.773978	0.777393	0.885919	0.790880	ƵǓǌǊǗǏǅ/ǝǗǊǏǊǕ
1	0.088251	0.791249	0.128499	0.804736	ǋǈǘǗǅ
1	0.134804	0.791249	0.203871	0.804736	ǔǕǓǇǓǉǓǇ
1	0.210189	0.791249	0.249299	0.804736	GDPC
1	0.255607	0.791249	0.271486	0.804736	J1
1	0.277780	0.791249	0.335767	0.804736	ǔǓǏǅǌǅǒ
1	0.342072	0.791249	0.359568	0.804736	ǒǅ
1	0.365872	0.791249	0.391144	0.804736	ƵǍǖ
1	0.397454	0.791249	0.414772	0.804736	33
1	0.421066	0.791249	0.437712	0.804736	ǖǓ
1	0.444016	0.791249	0.503947	0.804736	ǖǗǓǕǓǒǠ
1	0.510252	0.791249	0.582810	0.804736	ǝǗǠǕǊǇǠǚ
1	0.589115	0.791249	0.659144	0.804736	ǏǓǒǗǅǏǗǓǇ
1	0.665478	0.791249	0.674234	0.804736	Ǎ
1	0.680539	0.791249	0.697185	0.804736	ǖǓ
1	0.703489	0.791249	0.763420	0.804736	ǖǗǓǕǓǒǠ
1	0.769725	0.791249	0.839754	0.804736	ǏǓǒǗǅǏǗǓǇ
1	0.846089	0.791249	0.885951	0.804736	ǈǒǊǌǉ
1	0.088284	0.805106	0.153540	0.818593	ǕǅǌǟǊǑǅ.
1	0.088284	0.832819	0.107947	0.846306	Ʋǅ
1	0.111756	0.832819	0.152080	0.846306	ǆǐǓǏǊ
1	0.155882	0.832819	0.195002	0.846306	GDPC
1	0.198803	0.832819	0.311383	0.846306	ǔǕǊǉǘǖǑǓǗǕǊǒǠ
1	0.315169	0.832819	0.340628	0.846306	ǉǇǊ
1	0.344441	0.832819	0.416121	0.846306	ǇǠǚǓǉǒǠǊ
1	0.419939	0.832819	0.464702	0.846306	ǖǚǊǑǠ
1	0.468485	0.832819	0.492640	0.846306	ǉǐǤ
1	0.496433	0.832819	0.588363	0.846306	ǓǆǊǖǔǊǜǊǒǍǤ
1	0.592169	0.832819	0.649863	0.846306	ǔǍǗǅǒǍǤ
1	0.653668	0.832819	0.743900	0.846306	ǢǐǊǏǗǕǓǒǒǠǚ
1	0.747706	0.832819	0.822060	0.846306	ǘǖǗǕǓǎǖǗǇ.
1	0.825866	0.832819	0.882139	0.846306	ƯǅǋǉǠǎ
1	0.088284	0.846675	0.132478	0.860162	ǇǠǚǓǉ
1	0.137044	0.846675	0.176148	0.860162	GDPC
1	0.180716	0.846675	0.246978	0.860162	ǌǅǞǍǞǊǒ
1	0.251547	0.846675	0.368354	0.860162	ǅǇǗǓǑǅǗǍǜǊǖǏǍǑ
1	0.372928	0.846675	0.478514	0.860162	ǇǠǏǐǣǜǅǗǊǐǊǑ,
1	0.483093	0.846675	0.510551	0.860162	CB1
1	0.515129	0.846675	0.539285	0.860162	ǉǐǤ
1	0.543852	0.846675	0.596947	0.860162	ǇǠǚǓǉǅ
1	0.601508	0.846675	0.610165	0.860162	1
1	0.614744	0.846675	0.623499	0.860162	Ǎ
1	0.628072	0.846675	0.655534	0.860162	CB2
1	0.660104	0.846675	0.684260	0.860162	ǉǐǤ
1	0.688837	0.846675	0.741932	0.860162	ǇǠǚǓǉǅ
1	0.746506	0.846675	0.755163	0.860162	2
1	0.759732	0.846675	0.788464	0.860162	(ƵǍǖ
1	0.793046	0.846675	0.817057	0.860162	30).
1	0.821638	0.846675	0.882157	0.860162	ƴǍǗǅǒǍǊ
1	0.088284	0.860532	0.127388	0.874019	GDPC
1	0.135637	0.860532	0.248623	0.874019	ǓǖǘǞǊǖǗǇǐǤǊǗǖǤ
1	0.256872	0.860532	0.272078	0.874019	ǓǗ
1	0.280328	0.860532	0.385571	0.874019	ǅǏǏǘǑǘǐǤǗǓǕǓǇ
1	0.393820	0.860532	0.470919	0.874019	ǖǅǑǓǖǇǅǐǅ
1	0.479168	0.860532	0.544277	0.874019	ǓǗǉǊǐǡǒǓ
1	0.552509	0.860532	0.567715	0.874019	ǓǗ
1	0.575966	0.860532	0.636102	0.874019	ǖǍǖǗǊǑǠ
1	0.644342	0.860532	0.730833	0.874019	ǘǔǕǅǇǐǊǒǍǤ.
1	0.739082	0.860532	0.795052	0.874019	ƧǠǚǓǉǠ
1	0.803309	0.860532	0.882139	0.874019	ǖǓǊǉǍǒǊǒǠ
2	0.804862	0.099444	0.909328	0.112931	GET-6903A_RU
2	0.120053	0.113301	0.164634	0.126788	ƴǓǍǖǏ
2	0.168348	0.113301	0.177568	0.126788	Ǎ
2	0.181282	0.113301	0.265932	0.126788	ǘǖǗǕǅǒǊǒǍǊ
2	0.269661	0.113301	0.388998	0.126788	ǒǊǍǖǔǕǅǇǒǓǖǗǊǎ
2	0.392712	0.113301	0.442736	0.126788	ǝǏǅǙǅ
2	0.446450	0.113301	0.532605	0.126788	ǘǔǕǅǇǐǊǒǍǤ
2	0.536349	0.113301	0.552821	0.126788	ǖǓ
2	0.556535	0.113301	0.638766	0.126788	ǖǉǇǓǊǒǒǠǑ
2	0.641952	0.113301	0.674575	0.126788	IGBT
2	0.678817	0.113301	0.766093	0.126788	ǍǒǇǊǕǗǊǕǓǑ
2	0.769312	0.113301	0.831544	0.126788	17KG535
2	0.835757	0.113301	0.844977	0.126788	Ǎ
2	0.865662	0.113301	0.885466	0.126788	.*
2	0.117608	0.139998	0.240753	0.153485	ǔǓǖǐǊǉǓǇǅǗǊǐǡǒǓ
2	0.245033	0.139998	0.252906	0.153485	ǖ
2	0.257186	0.139998	0.322452	0.153485	ǙǅǌǒǠǑǍ
2	0.326705	0.139998	0.396927	0.153485	ǑǓǉǘǐǤǑǍ
2	0.401207	0.139998	0.460638	0.153485	ǏǅǋǉǓǈǓ
2	0.464927	0.139998	0.543855	0.153485	ǍǒǇǊǕǗǓǕǅ,
2	0.548135	0.139998	0.599270	0.153485	ǜǓǔǔǊǕ
2	0.603525	0.139998	0.673747	0.153485	ǑǓǉǘǐǤǑǍ
2	0.678027	0.139998	0.686782	0.153485	Ǎ
2	0.691062	0.139998	0.742197	0.153485	ǜǓǔǔǊǕ
2	0.746452	0.139998	0.813244	0.153485	ǉǍǓǉǅǑǍ,
2	0.817507	0.139998	0.840421	0.153485	ǏǅǏ
2	0.844704	0.139998	0.911463	0.153485	ǔǓǏǅǌǅǒǓ
2	0.117608	0.153854	0.160371	0.167341	ǒǅƵǍǖ
2	0.163934	0.153854	0.181250	0.167341	34
2	0.184814	0.153854	0.239512	0.167341	(GDPC1)
2	0.243040	0.153854	0.251795	0.167341	Ǎ
2	0.255356	0.153854	0.280629	0.167341	ƵǍǖ
2	0.284191	0.153854	0.301506	0.167341	36
2	0.305067	0.153854	0.359526	0.167341	GDPC2).
2	0.363066	0.153854	0.420083	0.167341	ƶǐǊǉǘǊǗ
2	0.423634	0.153854	0.490034	0.167341	ǓǗǑǊǗǍǗǡ,
2	0.493578	0.153854	0.516744	0.167341	ǜǗǓ
2	0.520301	0.153854	0.614273	0.167341	ǓǗǏǐǣǜǊǒǒǠǎ
2	0.617834	0.153854	0.642807	0.167341	ǍǐǍ
2	0.646354	0.153854	0.663262	0.167341	ǒǊ
2	0.666821	0.153854	0.739363	0.167341	ǌǅǗǤǒǘǗǠǎ
2	0.742924	0.153854	0.796084	0.167341	ǕǅǌǟǊǑ
2	0.799637	0.153854	0.847758	0.167341	ǏǅǆǊǐǤ
2	0.851301	0.153854	0.890406	0.167341	GDPC
2	0.893969	0.153854	0.911464	0.167341	ǒǅ
2	0.117608	0.167711	0.186850	0.181197	ǉǕǅǎǇǊǕǊ
2	0.194853	0.167711	0.254719	0.181197	ǙǅǌǒǓǈǓ
2	0.262739	0.167711	0.313915	0.181197	ǑǓǉǘǐǤ
2	0.321919	0.167711	0.365996	0.181197	ǑǓǋǊǗ
2	0.373994	0.167711	0.411373	0.181197	ǖǗǅǗǡ
2	0.419371	0.167711	0.488449	0.181197	ǔǕǍǜǍǒǓǎ
2	0.496469	0.167711	0.546249	0.181197	ǔǓǗǊǕǍ
2	0.554244	0.167711	0.611938	0.181197	ǔǍǗǅǒǍǤ
2	0.619942	0.167711	0.637437	0.181197	ǒǅ
2	0.645440	0.167711	0.699621	0.181197	ǉǅǒǒǓǑ
2	0.707641	0.167711	0.780117	0.181197	ǉǕǅǎǇǊǕǊ,
2	0.788121	0.167711	0.797023	0.181197	ǅ
2	0.805027	0.167711	0.845945	0.181197	ǗǅǏǋǊ
2	0.853965	0.167711	0.871461	0.181197	ǒǅ
2	0.879464	0.167711	0.911468	0.181197	ǇǖǊǚ
2	0.117608	0.181567	0.195131	0.195054	ǉǕǅǎǇǊǕǅǚ
2	0.203903	0.181567	0.288187	0.195054	ǌǅǔǍǗǅǒǒǠǚ
2	0.296960	0.181567	0.420106	0.195054	ǔǓǖǐǊǉǓǇǅǗǊǐǡǒǓ
2	0.428877	0.181567	0.469893	0.195054	ǔǓǖǐǊ
2	0.478665	0.181567	0.577537	0.195054	ǓǗǏǐǣǜǊǒǒǓǈǓ
2	0.586325	0.181567	0.630469	0.195054	ǆǐǓǏǅ.
2	0.639249	0.181567	0.664652	0.195054	ƩǐǤ
2	0.673421	0.181567	0.740784	0.195054	ǔǕǓǇǊǕǏǍ
2	0.749556	0.181567	0.820615	0.195054	ǇǠǚǓǉǒǠǚ
2	0.829415	0.181567	0.863591	0.195054	ǖǚǊǑ
2	0.872365	0.181567	0.911474	0.195054	GDPC
2	0.117608	0.195423	0.168841	0.208910	(GDPC1
2	0.172622	0.195423	0.197594	0.208910	ǍǐǍ
2	0.201389	0.195423	0.255858	0.208910	GDPC2):
2	0.299203	0.223805	0.308840	0.237291	Ƨ
2	0.312368	0.223805	0.368984	0.237291	ǉǅǒǒǓǑ
2	0.372496	0.223805	0.479846	0.237291	ǓǆǓǕǘǉǓǇǅǒǍǍ
2	0.483358	0.223805	0.605411	0.237291	ǔǕǍǖǘǗǖǗǇǘǣǗ
2	0.608921	0.223805	0.673327	0.237291	ǓǔǅǖǒǠǊ
2	0.676839	0.223805	0.772249	0.237291	ǒǅǔǕǤǋǊǒǍǤ.
2	0.775761	0.223805	0.858642	0.237291	ƸǆǊǉǍǗǡǖǤ
2	0.862170	0.223805	0.870779	0.237291	Ǉ
2	0.874290	0.223805	0.911713	0.237291	ǗǓǑ,
2	0.160054	0.235828	0.286389	0.253193	ɉɊȿȾɍɉɊȿɀȾȿɇɂȿ
2	0.301098	0.238474	0.332336	0.251961	ǜǗǓ
2	0.336119	0.238474	0.441558	0.251961	ǇǠǏǐǣǜǅǗǊǐǡ
2	0.445315	0.238474	0.513544	0.251961	ǔǍǗǅǒǍǤ
2	0.517333	0.238474	0.605294	0.251961	ǘǔǕǅǇǐǊǒǍǤ
2	0.611508	0.238474	0.645467	0.251961	(CPS)
2	0.646817	0.238474	0.730269	0.251961	ǒǅǚǓǉǍǗǖǤ
2	0.734059	0.238474	0.742667	0.251961	Ǉ
2	0.746457	0.238474	0.828766	0.251961	ǔǓǐǓǋǊǒǍǍ
2	0.832556	0.238474	0.878869	0.251961	ƳƷƯư.,
2	0.882655	0.238474	0.891786	0.251961	Ǎ
2	0.299203	0.251517	0.404642	0.265004	ǇǠǏǐǣǜǅǗǊǐǡ
2	0.411600	0.251517	0.509017	0.265004	ǏǓǒǗǅǏǗǓǕǅ
2	0.515978	0.251517	0.551778	0.265004	ǛǊǔǍ
2	0.558774	0.251517	0.656568	0.265004	ǇǓǌǆǘǋǉǊǒǍǤ
2	0.663560	0.251517	0.755702	0.265004	ǈǊǒǊǕǅǗǓǕǅ
2	0.762698	0.251517	0.809456	0.265004	(GFCO)
2	0.816434	0.251517	0.899887	0.265004	ǒǅǚǓǉǍǗǖǤ
2	0.906878	0.251517	0.915486	0.265004	Ǉ
2	0.117825	0.265374	0.200134	0.278861	ǔǓǐǓǋǊǒǍǍ
2	0.205133	0.265374	0.243752	0.278861	ƳƷƯư
2	0.248729	0.265374	0.292107	0.278861	ǔǊǕǊǉ
2	0.297128	0.265374	0.361888	0.278861	ǒǅǜǅǐǓǑ
2	0.366844	0.265374	0.449660	0.278861	ǏǅǏǍǚ-ǐǍǆǓ
2	0.454642	0.265374	0.504478	0.278861	ǕǅǆǓǗ
2	0.509460	0.265374	0.527902	0.278861	ǒǅ
2	0.532884	0.265374	0.635709	0.278861	ǏǓǑǔǓǒǊǒǗǅǚ
2	0.640702	0.265377	0.762497	0.278864	ǢǐǊǏǗǕǍǜǊǖǏǓǈǓ
2	0.767484	0.265377	0.818650	0.278864	ǝǏǅǙǅ
2	0.823634	0.265377	0.915497	0.278864	ǘǔǕǅǇǐǊǒǍǤ.
2	0.117836	0.279233	0.200717	0.292720	ƸǆǊǉǍǗǡǖǤ
2	0.205013	0.279233	0.213621	0.292720	Ǉ
2	0.217917	0.279233	0.255340	0.292720	ǗǓǑ,
2	0.259619	0.279233	0.290857	0.292720	ǜǗǓ
2	0.295130	0.279233	0.409472	0.292720	ǍǒǉǍǏǅǗǓǕǒǠǊ
2	0.413768	0.279233	0.463709	0.292720	ǐǅǑǔǠ
2	0.467982	0.279233	0.528707	0.292720	ǌǅǕǤǉǏǍ
2	0.532993	0.279233	0.643169	0.292720	ǏǓǒǉǊǒǖǅǗǓǕǅ
2	0.647463	0.279233	0.682206	0.292720	(CCL)
2	0.686488	0.279233	0.703737	0.292720	ǒǊ
2	0.708033	0.279233	0.759887	0.292720	ǈǓǕǤǗ.
2	0.764175	0.279233	0.874369	0.292720	ƭǖǔǓǐǡǌǓǇǅǗǡ
2	0.878628	0.279233	0.915512	0.292720	VOM,
2	0.117836	0.293090	0.169852	0.306576	ǜǗǓǆǠ
2	0.174190	0.293090	0.255666	0.306576	ǘǆǊǉǍǗǡǖǤ
2	0.260011	0.293090	0.268620	0.306576	Ǉ
2	0.272964	0.293090	0.374008	0.306576	ǓǗǖǘǗǖǗǇǍǍ
2	0.378322	0.293090	0.469795	0.306576	ǒǅǔǕǤǋǊǒǍǤ
2	0.474140	0.293090	0.517518	0.306576	ǔǊǕǊǉ
2	0.521885	0.293090	0.645913	0.306576	ǔǕǍǏǓǖǒǓǇǊǒǍǊǑ
2	0.658948	0.293090	0.666592	0.306576	Ǐ
2	0.670937	0.293090	0.741339	0.306576	ǏǐǊǑǑǅǑ.
2	0.745684	0.293090	0.854796	0.306576	ƲǊǖǓǆǐǣǉǊǒǍǊ
2	0.859176	0.293090	0.915497	0.306576	ǉǅǒǒǠǚ
2	0.117836	0.306946	0.145964	0.320433	ǑǊǕ
2	0.149754	0.306946	0.286940	0.320433	ǔǕǊǉǓǖǗǊǕǊǋǊǒǍǤ
2	0.290769	0.306946	0.343627	0.320433	ǑǓǋǊǗ
2	0.347417	0.306946	0.422212	0.320433	ǔǕǍǇǊǖǗǍ
2	0.426002	0.306946	0.433647	0.320433	Ǐ
2	0.437436	0.306946	0.518553	0.320433	ǖǊǕǡǊǌǒǠǑ
2	0.522343	0.306946	0.594240	0.320433	ǗǕǅǇǑǅǑ
2	0.597988	0.306946	0.624841	0.320433	ǍǐǍ
2	0.628631	0.306946	0.691437	0.320433	ǖǑǊǕǗǍ.
2	0.117608	0.333988	0.190198	0.347475	ƴǕǓǇǊǕǏǍ
2	0.193989	0.333988	0.233323	0.347475	CYP4:
2	0.117608	0.361701	0.150081	0.375188	ƦǐǓǏ
2	0.153740	0.361701	0.211433	0.375188	ǔǍǗǅǒǍǤ
2	0.215090	0.361701	0.250084	0.375188	CYP4
2	0.257398	0.361700	0.331933	0.375187	ǇǠǔǓǐǒǤǊǗ
2	0.335591	0.361700	0.375000	0.375187	ǗǅǏǍǊ
2	0.378649	0.361700	0.397223	0.375187	ǋǊ
2	0.404539	0.361700	0.468652	0.375187	ǙǘǒǏǛǍǍ,
2	0.472311	0.361700	0.495476	0.375187	ǜǗǓ
2	0.502791	0.361700	0.511546	0.375187	Ǎ
2	0.518864	0.361700	0.544911	0.375187	ǉǇǅ
2	0.552219	0.361700	0.593130	0.375187	ǆǐǓǏǅ
2	0.596796	0.361700	0.654489	0.375187	ǔǍǗǅǒǍǤ
2	0.658146	0.361700	0.696369	0.375187	CYP2.
2	0.700026	0.361700	0.815299	0.375187	ƥǇǗǓǑǅǗǍǜǊǖǏǍǊ
2	0.818961	0.361700	0.911463	0.375187	ǇǠǏǐǣǜǅǗǊǐǍ
2	0.117608	0.375557	0.153184	0.389044	ǆǠǐǍ
2	0.156974	0.375557	0.227795	0.389044	ǌǅǑǊǒǊǒǠ
2	0.231557	0.375557	0.370172	0.389044	ǔǕǊǉǓǚǕǅǒǍǗǊǐǤǑǍ,
2	0.373955	0.375557	0.409531	0.389044	ǆǠǐǍ
2	0.413321	0.375557	0.484142	0.389044	ǌǅǑǊǒǊǒǠ
2	0.487910	0.375557	0.554865	0.389044	ǕǅǌǟǊǑǠ.
2	0.117592	0.403270	0.126902	0.416756	Ƨ
2	0.130692	0.403270	0.179164	0.416756	ǖǐǘǜǅǊ
2	0.182929	0.403270	0.262478	0.416756	ǇǓǌǑǓǋǒǓǎ
2	0.266268	0.403270	0.374765	0.416756	ǒǊǍǖǔǕǅǇǒǓǖǗǍ
2	0.378535	0.403270	0.419446	0.416756	ǆǐǓǏǅ
2	0.423234	0.403270	0.484162	0.416756	ǔǍǗǅǒǍǤ:
2	0.117461	0.431006	0.126772	0.444492	Ƨ
2	0.130561	0.431006	0.183950	0.444492	ǔǊǕǇǘǣ
2	0.187716	0.431006	0.249966	0.444492	ǓǜǊǕǊǉǡ,
2	0.253756	0.431006	0.328274	0.444492	ǔǕǓǇǊǕǍǗǡ
2	0.332063	0.431006	0.410403	0.444492	ǖǇǊǗǓǉǍǓǉ.
2	0.414186	0.431006	0.446517	0.444492	ƪǖǐǍ
2	0.450308	0.431006	0.474614	0.444492	ǇǖǊ
2	0.478404	0.431006	0.564080	0.444492	ǖǇǊǗǓǉǍǓǉǠ
2	0.567867	0.431006	0.609561	0.444492	ǈǓǕǤǗ,
2	0.613344	0.431006	0.665108	0.444492	ǏǅǋǉǅǤ
2	0.668898	0.431006	0.749735	0.444492	ǇǒǘǗǕǊǒǒǤǤ
2	0.753525	0.431006	0.796606	0.444492	ǖǚǊǑǅ
2	0.800389	0.431006	0.864790	0.444492	ǔǓǐǘǜǅǊǗ
2	0.117445	0.444862	0.179026	0.458349	ǔǍǗǅǒǍǊ.
2	0.182809	0.444862	0.215140	0.458349	ƪǖǐǍ
2	0.218931	0.444862	0.257310	0.458349	ǓǉǍǒ,
2	0.117592	0.458695	0.142564	0.472182	ǍǐǍ
2	0.146352	0.458695	0.199316	0.472182	ǆǓǐǡǝǊ
2	0.203119	0.458695	0.278225	0.472182	ǖǇǊǗǓǉǍǓǉ
2	0.282031	0.458695	0.298939	0.472182	ǒǊ
2	0.302730	0.458695	0.345518	0.472182	ǈǓǕǍǗ,
2	0.349312	0.458695	0.408819	0.472182	ǘǉǅǐǍǗǡ,
2	0.412625	0.458695	0.487143	0.472182	ǔǕǓǇǊǕǍǗǡ
2	0.490932	0.458695	0.499688	0.472182	Ǎ
2	0.503477	0.458695	0.569725	0.472182	ǌǅǑǊǒǍǗǡ
2	0.573516	0.458695	0.693150	0.472182	ǔǕǊǉǓǚǕǅǒǍǗǊǐǡ,
2	0.696933	0.458695	0.705051	0.472182	Ǉ
2	0.708840	0.458695	0.757313	0.472182	ǖǐǘǜǅǊ
2	0.761088	0.458695	0.875168	0.472182	ǒǊǓǆǚǓǉǍǑǓǖǗǍ.
2	0.117624	0.472552	0.170270	0.486039	ƶǑǓǗǕǍ
2	0.174060	0.472552	0.223122	0.486039	ƵǍǖ.32.
2	0.117624	0.500265	0.126935	0.513752	Ƨ
2	0.130725	0.500265	0.179197	0.513752	ǖǐǘǜǅǊ
2	0.182962	0.500265	0.241048	0.513752	ǒǅǐǍǜǍǤ
2	0.244837	0.500265	0.315961	0.513752	ǏǓǕǓǗǏǓǈǓ
2	0.319780	0.500265	0.397695	0.513752	ǌǅǑǠǏǅǒǍǤ
2	0.401485	0.500265	0.418981	0.513752	ǒǅ
2	0.422772	0.500265	0.478502	0.513752	ǇǠǚǓǉǊ,
2	0.482285	0.500265	0.557391	0.513752	ǖǇǊǗǓǉǍǓǉ
2	0.561203	0.500265	0.646652	0.513752	ǔǕǓǉǓǐǋǅǊǗ
2	0.650445	0.500265	0.700526	0.513752	ǈǓǕǊǗǡ.
2	0.117608	0.527977	0.216056	0.541464	ƭǖǔǓǐǡǌǓǇǅǗǡ
2	0.223276	0.527977	0.265670	0.541464	ǢǗǅǔǠ
2	0.276477	0.527977	0.326371	0.541464	ǔǓǍǖǏǅ
2	0.337209	0.527977	0.345964	0.541464	Ǎ
2	0.356777	0.527977	0.438775	0.541464	ǘǖǗǕǅǒǊǒǍǤ
2	0.445980	0.527977	0.562792	0.541464	ǒǊǍǖǔǕǅǇǒǓǖǗǊǎ
2	0.569991	0.527977	0.578109	0.541464	Ǉ
2	0.588923	0.527977	0.647083	0.541464	ǕǅǌǉǊǐǊ
2	0.657908	0.527977	0.696817	0.541463	4.3.7.,
2	0.707614	0.527977	0.746735	0.541463	ƦưƳƯ
2	0.750345	0.527977	0.819740	0.541463	ƴƭƷƥƲƭǄ
2	0.823360	0.527977	0.869390	0.541463	(GDPC)
2	0.873000	0.527977	0.911451	0.541463	(CYP2
2	0.117597	0.541833	0.128443	0.555320	ƭ
2	0.136399	0.541833	0.178085	0.555320	CYP4).
2	0.186041	0.541833	0.195352	0.555320	Ƨ
2	0.203303	0.541833	0.242931	0.555320	ǖǇǤǌǍ
2	0.250886	0.541833	0.258759	0.555320	ǖ
2	0.266714	0.541833	0.294994	0.555320	ǗǊǑ,
2	0.302944	0.541833	0.326109	0.555320	ǜǗǓ
2	0.334061	0.541833	0.342179	0.555320	Ǉ
2	0.350152	0.541833	0.385145	0.555320	CYP4
2	0.393094	0.541833	0.410001	0.555320	ǒǊ
2	0.417955	0.541833	0.530535	0.555320	ǔǕǊǉǘǖǑǓǗǕǊǒǠ
2	0.538470	0.541833	0.653302	0.555320	ǅǇǗǓǑǅǗǍǜǊǖǏǍǊ
2	0.661257	0.541833	0.756993	0.555320	ǇǠǏǐǣǜǅǗǊǐǍ,
2	0.764948	0.541833	0.861305	0.555320	ǍǖǔǓǐǡǌǓǇǅǗǡ
2	0.869260	0.541833	0.911458	0.555320	ǌǅǑǓǏ
2	0.117596	0.555689	0.193339	0.569176	ǌǅǋǍǈǅǒǍǤ
2	0.197129	0.555689	0.221284	0.569176	ǉǐǤ
2	0.225072	0.555689	0.307529	0.569176	ǓǗǏǐǣǜǊǒǍǤ
2	0.311318	0.555689	0.369012	0.569176	ǔǍǗǅǒǍǤ
2	0.372801	0.555689	0.389690	0.569176	ǇǓ
2	0.393477	0.555689	0.436770	0.569176	ǇǕǊǑǤ
2	0.440562	0.555689	0.523018	0.569176	ǓǗǏǐǣǜǊǒǍǤ
2	0.526807	0.555689	0.535563	0.569176	Ǎ
2	0.539352	0.555689	0.632998	0.569176	ǔǓǉǏǐǣǜǊǒǍǤ
2	0.636787	0.555689	0.711142	0.569176	ǘǖǗǕǓǎǖǗǇ.
2	0.117596	0.583402	0.170242	0.596889	ƶǑǓǗǕǍ
2	0.174767	0.583402	0.200040	0.596889	ƵǍǖ
2	0.204571	0.583402	0.225123	0.596889	33,
2	0.229618	0.583402	0.253656	0.596889	ǈǉǊ
2	0.258171	0.583402	0.325060	0.596889	ǔǓǏǅǌǅǒǅ
2	0.329585	0.583402	0.372666	0.596889	ǖǚǊǑǅ
2	0.377167	0.583402	0.480026	0.596889	ǕǅǖǔǓǐǓǋǊǒǍǤ
2	0.484539	0.583402	0.522761	0.596889	CYP4,
2	0.527275	0.583402	0.536030	0.596889	Ǎ
2	0.540545	0.583402	0.565817	0.596889	ƵǍǖ
2	0.570332	0.583402	0.590884	0.596889	35,
2	0.595399	0.583402	0.619437	0.596889	ǈǉǊ
2	0.623949	0.583402	0.690838	0.596889	ǔǓǏǅǌǅǒǅ
2	0.695346	0.583402	0.738427	0.596889	ǖǚǊǑǅ
2	0.742945	0.583402	0.845803	0.596889	ǕǅǖǔǓǐǓǋǊǒǍǤ
2	0.850311	0.583402	0.911468	0.596889	ǕǓǌǊǗǏǍ/
2	0.117613	0.597259	0.177423	0.610746	ǝǗǊǏǊǕǅ
2	0.181203	0.597259	0.221451	0.610746	ǋǈǘǗǅ
2	0.225240	0.597259	0.294308	0.610746	ǔǕǓǇǓǉǓǇ
2	0.298110	0.597259	0.336339	0.610746	CYP4.
2	0.117613	0.624971	0.223607	0.638458	ƴƵƭƱƪƼƥƲƭƪ:
2	0.229553	0.624971	0.291934	0.638458	ƲǍǏǓǈǉǅ
2	0.297880	0.624971	0.315129	0.638458	ǒǊ
2	0.321075	0.624971	0.412005	0.638458	ǓǗǏǐǣǜǅǗǡ
2	0.417938	0.624971	0.427069	0.638458	Ǎ
2	0.433015	0.624971	0.450264	0.638458	ǒǊ
2	0.456226	0.624971	0.551634	0.638458	ǔǓǉǏǐǣǜǅǗǡ
2	0.557565	0.624971	0.625223	0.638458	ǔǍǗǅǒǍǊ
2	0.631168	0.624971	0.638813	0.638458	Ǐ
2	0.644759	0.624971	0.738927	0.638458	ǏǅǏǓǑǘ-ǐǍǆǓ
2	0.744889	0.624971	0.840428	0.638458	ǘǖǗǕǓǎǖǗǇǘ
2	0.846359	0.624971	0.854967	0.638458	Ǉ
2	0.860912	0.624971	0.911476	0.638458	ǖǐǘǜǅǊ
2	0.117613	0.638828	0.180076	0.652315	ǒǅǐǍǜǍǤ
2	0.183865	0.638828	0.279275	0.652315	ǒǅǔǕǤǋǊǒǍǤ.
3	0.087882	0.101259	0.192349	0.114746	GET-6903A_RU
3	0.087882	0.115115	0.132464	0.128602	ƴǓǍǖǏ
3	0.136178	0.115115	0.145398	0.128602	Ǎ
3	0.149112	0.115115	0.233762	0.128602	ǘǖǗǕǅǒǊǒǍǊ
3	0.237490	0.115115	0.356828	0.128602	ǒǊǍǖǔǕǅǇǒǓǖǗǊǎ
3	0.360541	0.115115	0.410565	0.128602	ǝǏǅǙǅ
3	0.414295	0.115115	0.500450	0.128602	ǘǔǕǅǇǐǊǒǍǤ
3	0.504194	0.115115	0.520666	0.128602	ǖǓ
3	0.524380	0.115115	0.606612	0.128602	ǖǉǇǓǊǒǒǠǑ
3	0.609989	0.115115	0.642613	0.128602	IGBT
3	0.646663	0.115115	0.733938	0.128602	ǍǒǇǊǕǗǊǕǓǑ
3	0.737366	0.115115	0.799597	0.128602	17KG535
3	0.803602	0.115115	0.812823	0.128602	Ǎ
3	0.833510	0.115115	0.853313	0.128602	.*
3	0.827988	0.470439	0.862427	0.477367	E-60176
3	0.295441	0.487562	0.320429	0.501049	ƵǍǖ
3	0.324219	0.487562	0.344771	0.501049	30.
3	0.352355	0.487562	0.391367	0.501049	GDPC
3	0.395160	0.487562	0.515388	0.501049	(41A296352CYP2;
3	0.519181	0.487562	0.573619	0.501049	Invertex
3	0.581203	0.487562	0.585090	0.501049	I
3	0.588791	0.487562	0.597530	0.501049	Ǎ
3	0.601322	0.487562	0.655760	0.501049	Invertex
3	0.659552	0.487562	0.674828	0.501049	Ie)
3	0.835402	0.845717	0.869841	0.852645	E-60622
3	0.336653	0.862841	0.361641	0.876328	ƵǍǖ
3	0.365432	0.862841	0.385984	0.876328	31.
3	0.393572	0.862841	0.432583	0.876328	GDPC
3	0.436378	0.862841	0.556606	0.876328	(41A296352CYP4;
3	0.560401	0.862841	0.614839	0.876328	Invertex
3	0.622426	0.862841	0.633667	0.876328	II)
4	0.804862	0.099444	0.909328	0.112931	GET-6903A_RU
4	0.120053	0.113301	0.164634	0.126788	ƴǓǍǖǏ
4	0.168348	0.113301	0.177568	0.126788	Ǎ
4	0.181282	0.113301	0.265932	0.126788	ǘǖǗǕǅǒǊǒǍǊ
4	0.269661	0.113301	0.388998	0.126788	ǒǊǍǖǔǕǅǇǒǓǖǗǊǎ
4	0.392712	0.113301	0.442736	0.126788	ǝǏǅǙǅ
4	0.446450	0.113301	0.532605	0.126788	ǘǔǕǅǇǐǊǒǍǤ
4	0.536349	0.113301	0.552821	0.126788	ǖǓ
4	0.556535	0.113301	0.638766	0.126788	ǖǉǇǓǊǒǒǠǑ
4	0.641952	0.113301	0.674575	0.126788	IGBT
4	0.678817	0.113301	0.766093	0.126788	ǍǒǇǊǕǗǊǕǓǑ
4	0.769312	0.113301	0.831544	0.126788	17KG535
4	0.835757	0.113301	0.844977	0.126788	Ǎ
4	0.865662	0.113301	0.885466	0.126788	.*
4	0.827037	0.514225	0.859726	0.521153	E-60886
4	0.130283	0.531359	0.155272	0.544846	ƵǍǖ
4	0.159066	0.531359	0.179622	0.544846	32.
4	0.187193	0.531359	0.280005	0.544846	ƲǅǉǐǊǋǅǞǅǤ
4	0.283795	0.531359	0.340777	0.544846	ǕǅǆǓǗǅ
4	0.344559	0.531359	0.444575	0.544846	ǖǇǊǗǓǉǍǓǉǓǇ,
4	0.448364	0.531359	0.604342	0.544846	ǖǇǍǉǊǗǊǐǡǖǗǇǘǣǞǅǤ
4	0.608132	0.531359	0.625399	0.544846	Ǔǆ
4	0.629171	0.531359	0.726230	0.544846	ǓǗǖǘǗǖǗǇǍǍ
4	0.730019	0.531359	0.833858	0.544846	ǔǊǕǊǈǓǕǊǇǝǍǚ
4	0.130283	0.555678	0.261841	0.569164	ǔǕǊǉǓǚǕǅǒǍǗǊǐǊǎ
5	0.088462	0.101546	0.192929	0.115033	GET-6903A_RU
5	0.088462	0.115403	0.133044	0.128890	ƴǓǍǖǏ
5	0.136757	0.115403	0.145978	0.128890	Ǎ
5	0.149692	0.115403	0.234342	0.128890	ǘǖǗǕǅǒǊǒǍǊ
5	0.238070	0.115403	0.357408	0.128890	ǒǊǍǖǔǕǅǇǒǓǖǗǊǎ
5	0.361121	0.115403	0.411145	0.128890	ǝǏǅǙǅ
5	0.414859	0.115403	0.501014	0.128890	ǘǔǕǅǇǐǊǒǍǤ
5	0.504758	0.115403	0.521230	0.128890	ǖǓ
5	0.524944	0.115403	0.607176	0.128890	ǖǉǇǓǊǒǒǠǑ
5	0.610553	0.115403	0.643177	0.128890	IGBT
5	0.647227	0.115403	0.734502	0.128890	ǍǒǇǊǕǗǊǕǓǑ
5	0.737914	0.115403	0.800145	0.128890	17KG535
5	0.804150	0.115403	0.813371	0.128890	Ǎ
5	0.834056	0.115403	0.853859	0.128890	.*
5	0.246304	0.196045	0.324769	0.213144	ƵОЗЕТКА
5	0.333864	0.196045	0.380554	0.209902	GPDS
5	0.517254	0.196502	0.588622	0.210359	ШТЕКЕР
5	0.593169	0.196502	0.652346	0.210359	ЖГУТА
5	0.656893	0.196502	0.758663	0.210359	ПРОВОДОВ
5	0.827988	0.470439	0.862427	0.477367	E-60177
5	0.295538	0.487562	0.320527	0.501049	ƵǍǖ
5	0.324316	0.487562	0.344868	0.501049	33.
5	0.352448	0.487562	0.414218	0.501049	ƵǓǌǊǗǏǅ
5	0.417998	0.487562	0.426737	0.501049	Ǎ
5	0.430526	0.487562	0.489110	0.501049	ǝǗǊǏǊǕ
5	0.492875	0.487562	0.540438	0.501049	ǋǈǘǗǅ
5	0.544214	0.487562	0.612361	0.501049	ǔǕǓǇǓǉǓǇ
5	0.616153	0.487562	0.655159	0.501049	GPDC
5	0.658951	0.487562	0.674713	0.501049	J1
6	0.804862	0.099444	0.909328	0.112931	GET-6903A_RU
6	0.120053	0.113301	0.164634	0.126788	ƴǓǍǖǏ
6	0.168348	0.113301	0.177568	0.126788	Ǎ
6	0.181282	0.113301	0.265932	0.126788	ǘǖǗǕǅǒǊǒǍǊ
6	0.269661	0.113301	0.388998	0.126788	ǒǊǍǖǔǕǅǇǒǓǖǗǊǎ
6	0.392712	0.113301	0.442736	0.126788	ǝǏǅǙǅ
6	0.446450	0.113301	0.532605	0.126788	ǘǔǕǅǇǐǊǒǍǤ
6	0.536349	0.113301	0.552821	0.126788	ǖǓ
6	0.556535	0.113301	0.638766	0.126788	ǖǉǇǓǊǒǒǠǑ
6	0.641952	0.113301	0.674575	0.126788	IGBT
6	0.678817	0.113301	0.766093	0.126788	ǍǒǇǊǕǗǊǕǓǑ
6	0.769312	0.113301	0.831544	0.126788	17KG535
6	0.835757	0.113301	0.844977	0.126788	Ǎ
6	0.865664	0.113301	0.885467	0.126788	.*
6	0.182205	0.239046	0.195273	0.277687	ДРАЙВЕР
6	0.460009	0.239046	0.473077	0.277687	ДРАЙВЕР
6	0.544661	0.236274	0.557729	0.274915	ДРАЙВЕР
6	0.820937	0.236274	0.834004	0.274915	ДРАЙВЕР
6	0.178768	0.315700	0.191836	0.354341	ДРАЙВЕР
6	0.543211	0.313538	0.556278	0.352179	ДРАЙВЕР
6	0.383485	0.367720	0.396553	0.383544	СВ1
6	0.757729	0.370205	0.770796	0.386029	СВ2
6	0.367804	0.398746	0.380872	0.408537	11
6	0.742047	0.401231	0.755115	0.411022	12
6	0.178768	0.393425	0.191836	0.432066	ДРАЙВЕР
6	0.383485	0.385686	0.396553	0.426895	ПИТАНИЯ
6	0.546295	0.391458	0.559362	0.430099	ДРАЙВЕР
6	0.757729	0.388171	0.770796	0.429380	ПИТАНИЯ
6	0.367804	0.410678	0.380872	0.454615	ИНВЕРТОР
6	0.383485	0.429037	0.396553	0.457388	БЛОКА
6	0.742047	0.413163	0.755115	0.457100	ИНВЕРТОР
6	0.757729	0.431522	0.770796	0.459873	БЛОКА
6	0.383485	0.459530	0.396553	0.487788	СХЕМА
6	0.757729	0.462015	0.770796	0.490273	СХЕМА
6	0.543211	0.468463	0.556278	0.507104	ДРАЙВЕР
6	0.178768	0.472426	0.191836	0.511067	ДРАЙВЕР
6	0.178768	0.551075	0.191836	0.589716	ДРАЙВЕР
6	0.544661	0.548147	0.557729	0.586788	ДРАЙВЕР
6	0.538885	0.623794	0.551953	0.662435	ДРАЙВЕР
6	0.178768	0.629059	0.191836	0.667700	ДРАЙВЕР
6	0.182205	0.704272	0.195273	0.742913	ДРАЙВЕР
6	0.546295	0.706979	0.559362	0.745620	ДРАЙВЕР
6	0.864450	0.845883	0.898889	0.852811	E-60178
6	0.262641	0.861684	0.287630	0.875171	ƵǍǖ
6	0.291419	0.861684	0.311971	0.875171	34.
6	0.319550	0.861684	0.365849	0.875171	ƶǚǊǑǠ
6	0.369634	0.861684	0.417304	0.875171	GDPC1
6	0.421086	0.861684	0.445437	0.875171	ǉǐǤ
6	0.449225	0.861684	0.576438	0.875171	ǅǇǗǓǑǅǗǍǜǊǖǏǍǚ
6	0.580227	0.861684	0.688378	0.875171	ǇǠǏǐǣǜǅǗǊǐǊǎ
6	0.692169	0.861684	0.719516	0.875171	CB1
6	0.723306	0.861684	0.732045	0.875171	Ǎ
6	0.735836	0.861684	0.766419	0.875171	CB2.
7	0.088492	0.101546	0.192958	0.115033	GET-6903A_RU
7	0.088492	0.115403	0.133073	0.128890	ƴǓǍǖǏ
7	0.136787	0.115403	0.146007	0.128890	Ǎ
7	0.149721	0.115403	0.234371	0.128890	ǘǖǗǕǅǒǊǒǍǊ
7	0.238100	0.115403	0.357437	0.128890	ǒǊǍǖǔǕǅǇǒǓǖǗǊǎ
7	0.361151	0.115403	0.411175	0.128890	ǝǏǅǙǅ
7	0.414889	0.115403	0.501044	0.128890	ǘǔǕǅǇǐǊǒǍǤ
7	0.504788	0.115403	0.521260	0.128890	ǖǓ
7	0.524973	0.115403	0.607205	0.128890	ǖǉǇǓǊǒǒǠǑ
7	0.610583	0.115403	0.643206	0.128890	IGBT
7	0.647256	0.115403	0.734532	0.128890	ǍǒǇǊǕǗǊǕǓǑ
7	0.737943	0.115403	0.800175	0.128890	17KG535
7	0.804180	0.115403	0.813400	0.128890	Ǎ
7	0.834085	0.115403	0.853888	0.128890	.*
7	0.204214	0.283849	0.290426	0.295396	GDPC-CYP4:
7	0.219971	0.285698	0.305776	0.297245	GDPC-CYP4:
7	0.294215	0.283849	0.323928	0.295396	CN3
7	0.309566	0.285698	0.339278	0.297245	CN3
7	0.327717	0.283849	0.416373	0.295396	RECEPTACLE
7	0.343068	0.285698	0.408455	0.297245	РОЗЕТКА
7	0.453930	0.285698	0.539735	0.297245	GDPC-CYP4:
7	0.480807	0.283849	0.567019	0.295396	GDPC-CYP4:
7	0.543524	0.285698	0.573237	0.297245	CN3
7	0.570808	0.283849	0.600521	0.295396	CN3
7	0.577026	0.285698	0.636500	0.297245	ШТЕКЕР
7	0.604310	0.283849	0.641896	0.295396	WIRE
7	0.640290	0.285698	0.689603	0.297245	ЖГУТА
7	0.645686	0.283849	0.712167	0.295396	HARNESS
7	0.715956	0.283849	0.753879	0.295396	PLUG
7	0.518516	0.299554	0.603325	0.311101	ПРОВОДОВ
7	0.165011	0.431177	0.251221	0.442724	GDPC-CYP4:
7	0.255011	0.431177	0.284723	0.442724	CN1
7	0.288513	0.431177	0.315889	0.442724	and
7	0.319679	0.431177	0.349391	0.442724	CN2
7	0.353181	0.431177	0.441823	0.442724	RECEPTACLE
7	0.485126	0.431177	0.571339	0.442724	GDPC-CYP4:
7	0.575129	0.431177	0.604841	0.442724	CN1
7	0.608631	0.431177	0.636007	0.442724	and
7	0.639797	0.431177	0.669509	0.442724	CN2
7	0.673299	0.431177	0.710885	0.442724	WIRE
7	0.714674	0.431177	0.781155	0.442724	HARNESS
7	0.784945	0.431177	0.822869	0.442724	PLUG
7	0.192105	0.435371	0.277910	0.446918	GDPC-CYP4:
7	0.281699	0.435371	0.311412	0.446918	CN1
7	0.315201	0.435371	0.326423	0.446918	И
7	0.330213	0.435371	0.359925	0.446918	CN2
7	0.363715	0.435371	0.429101	0.446918	РОЗЕТКА
7	0.485945	0.435371	0.571750	0.446918	GDPC-CYP4:
7	0.575540	0.435371	0.605252	0.446918	CN1
7	0.609042	0.435371	0.620264	0.446918	И
7	0.624053	0.435371	0.653766	0.446918	CN2
7	0.657555	0.435371	0.717029	0.446918	ШТЕКЕР
7	0.537235	0.449227	0.586549	0.460774	ЖГУТА
7	0.590339	0.449227	0.675147	0.460774	ПРОВОДОВ
7	0.827988	0.470439	0.862427	0.477367	E-60884
7	0.231229	0.487562	0.256218	0.501049	ƵǍǖ
7	0.260007	0.487562	0.280559	0.501049	35.
7	0.288139	0.487562	0.332428	0.501049	ƶǚǊǑǅ
7	0.336211	0.487562	0.438365	0.501049	ǕǅǖǔǓǐǓǋǊǒǍǤ
7	0.442173	0.487562	0.577089	0.501049	ǕǓǌǊǗǏǍ/ǝǗǊǏǊǕǅ
7	0.580869	0.487562	0.628431	0.501049	ǋǈǘǗǅ
7	0.632208	0.487562	0.700355	0.501049	ǔǕǓǇǓǉǓǇ
7	0.704146	0.487562	0.739037	0.501049	CYP4
8	0.804862	0.099444	0.911461	0.112931	GET-6903A_RU
8	0.120058	0.113300	0.164639	0.126787	ƴǓǍǖǏ
8	0.168353	0.113300	0.177574	0.126787	Ǎ
8	0.181287	0.113300	0.265938	0.126787	ǘǖǗǕǅǒǊǒǍǊ
8	0.269666	0.113300	0.389003	0.126787	ǒǊǍǖǔǕǅǇǒǓǖǗǊǎ
8	0.392717	0.113300	0.442741	0.126787	ǝǏǅǙǅ
8	0.446455	0.113300	0.532610	0.126787	ǘǔǕǅǇǐǊǒǍǤ
8	0.536354	0.113300	0.552826	0.126787	ǖǓ
8	0.556540	0.113300	0.638771	0.126787	ǖǉǇǓǊǒǒǠǑ
8	0.641957	0.113300	0.674581	0.126787	IGBT
8	0.678823	0.113300	0.766098	0.126787	ǍǒǇǊǕǗǊǕǓǑ
8	0.769317	0.113300	0.831549	0.126787	17KG535
8	0.835762	0.113300	0.844982	0.126787	Ǎ
8	0.865668	0.113300	0.885471	0.126787	.*
8	0.190710	0.276205	0.207044	0.322352	ДРАЙВЕР
8	0.542799	0.276219	0.559133	0.322366	ДРАЙВЕР
8	0.190710	0.352831	0.207044	0.398978	ДРАЙВЕР
8	0.392358	0.355729	0.408693	0.375139	СВ1
8	0.545821	0.352845	0.562155	0.398992	ДРАЙВЕР
8	0.723768	0.356872	0.740103	0.376282	СВ2
8	0.372757	0.392895	0.389092	0.405134	21
8	0.704167	0.394038	0.720502	0.406277	22
8	0.392358	0.377817	0.408693	0.426880	ПИТАНИЯ
8	0.723768	0.378960	0.740103	0.428023	ПИТАНИЯ
8	0.372757	0.407810	0.389092	0.460826	ИНВЕРТОР
8	0.392358	0.429558	0.408693	0.463818	БЛОКА
8	0.704167	0.408953	0.720502	0.461969	ИНВЕРТОР
8	0.723768	0.430701	0.740103	0.464961	БЛОКА
8	0.190710	0.428028	0.207044	0.474175	ДРАЙВЕР
8	0.542799	0.425712	0.559133	0.471858	ДРАЙВЕР
8	0.392358	0.466496	0.408693	0.500675	СХЕМА
8	0.723768	0.467639	0.740103	0.501818	СХЕМА
8	0.190710	0.504244	0.207044	0.550391	ДРАЙВЕР
8	0.542799	0.501912	0.559133	0.548058	ДРАЙВЕР
8	0.190710	0.578121	0.207044	0.624267	ДРАЙВЕР
8	0.542799	0.578128	0.559133	0.624274	ДРАЙВЕР
8	0.190710	0.651983	0.207044	0.698129	ДРАЙВЕР
8	0.540104	0.651983	0.556438	0.698129	ДРАЙВЕР
8	0.864450	0.845883	0.898889	0.852811	E-60179
8	0.262641	0.861684	0.287630	0.875171	ƵǍǖ
8	0.291419	0.861684	0.311971	0.875171	36.
8	0.319550	0.861684	0.365849	0.875171	ƶǚǊǑǠ
8	0.369634	0.861684	0.417304	0.875171	GDPC2
8	0.421086	0.861684	0.445437	0.875171	ǉǐǤ
8	0.449225	0.861684	0.576438	0.875171	ǅǇǗǓǑǅǗǍǜǊǖǏǍǚ
8	0.580227	0.861684	0.688378	0.875171	ǇǠǏǐǣǜǅǗǊǐǊǎ
8	0.692169	0.861684	0.719516	0.875171	CB1
8	0.723306	0.861684	0.732045	0.875171	Ǎ
8	0.735836	0.861684	0.766419	0.875171	CB2.
9	0.087882	0.101259	0.192349	0.114746	GET-6903A_RU
9	0.087882	0.115115	0.132464	0.128602	ƴǓǍǖǏ
9	0.136178	0.115115	0.145398	0.128602	Ǎ
9	0.149112	0.115115	0.233762	0.128602	ǘǖǗǕǅǒǊǒǍǊ
9	0.237490	0.115115	0.356828	0.128602	ǒǊǍǖǔǕǅǇǒǓǖǗǊǎ
9	0.360541	0.115115	0.410565	0.128602	ǝǏǅǙǅ
9	0.414295	0.115115	0.500450	0.128602	ǘǔǕǅǇǐǊǒǍǤ
9	0.504194	0.115115	0.520666	0.128602	ǖǓ
9	0.524380	0.115115	0.606612	0.128602	ǖǉǇǓǊǒǒǠǑ
9	0.609989	0.115115	0.642613	0.128602	IGBT
9	0.646663	0.115115	0.733938	0.128602	ǍǒǇǊǕǗǊǕǓǑ
9	0.737366	0.115115	0.799597	0.128602	17KG535
9	0.803602	0.115115	0.812823	0.128602	Ǎ
9	0.833510	0.115115	0.853313	0.128602	.*
9	0.611076	0.234568	0.680975	0.243806	CONNECTOR
9	0.615750	0.233016	0.706733	0.244563	ШТИФТ/ПАЗ
9	0.684006	0.234568	0.749292	0.243806	ALIGNMENT
9	0.710523	0.233016	0.742032	0.244563	ДЛЯ
9	0.745821	0.233016	0.854299	0.244563	СОВМЕЩЕНИЯ
9	0.752324	0.234568	0.803288	0.243806	PIN/SLOT
9	0.696295	0.246872	0.777527	0.258420	РАЗЪЕМОВ
9	0.827988	0.470439	0.862427	0.477367	E-60180
9	0.178208	0.487562	0.203197	0.501049	ƵǍǖ
9	0.206991	0.487562	0.227547	0.501049	37.
9	0.235118	0.487562	0.328714	0.501049	ƳǆǓǌǒǅǜǊǒǍǊ
9	0.332522	0.487562	0.416510	0.501049	ǏǓǒǗǅǏǗǓǇ
9	0.420285	0.487562	0.516119	0.501049	ǖǓǊǉǍǒǍǗǊǐǤ
9	0.519909	0.487562	0.568088	0.501049	ǏǅǆǊǐǤ
9	0.571869	0.487562	0.636674	0.501049	ǔǍǗǅǒǍǤ
9	0.640488	0.487562	0.679505	0.501049	GDPC
9	0.683270	0.487562	0.743136	0.501049	ǙǅǌǒǓǈǓ
9	0.746925	0.487562	0.798314	0.501049	ǑǓǉǘǐǤ
